make,model,badge,category,displacement_cc,year
Honda,CBR1000RR,Fireblade,Sport,999,2004
Honda,CBR1000RR,Fireblade,Sport,999,2005
Honda,CBR1000RR,Fireblade,Sport,999,2006
Honda,CBR1000RR,Fireblade,Sport,999,2007
Honda,CBR1000RR,Fireblade,Sport,999,2008
Honda,CBR1000RR,Fireblade,Sport,999,2009
Honda,CBR1000RR,Fireblade,Sport,999,2010
Honda,CBR1000RR,Fireblade,Sport,999,2011
Honda,CBR1000RR,Fireblade,Sport,999,2012
Honda,CBR1000RR,Fireblade,Sport,999,2013
Honda,CBR1000RR,Fireblade,Sport,999,2014
Honda,CBR1000RR,Fireblade,Sport,999,2015
Honda,CBR1000RR,Fireblade,Sport,999,2016
Honda,CBR1000RR,Fireblade,Sport,999,2017
Honda,CBR1000RR,Fireblade,Sport,999,2018
Honda,CBR1000RR,Fireblade,Sport,999,2019
Honda,CBR1000RR-R,Fireblade SP,Sport,1000,2020
Honda,CBR1000RR-R,Fireblade SP,Sport,1000,2021
Honda,CBR1000RR-R,Fireblade SP,Sport,1000,2022
Honda,CBR1000RR-R,Fireblade SP,Sport,1000,2023
Honda,CBR1000RR-R,Fireblade SP,Sport,1000,2024
Honda,CBR1000RR-R,Fireblade SP,Sport,1000,2025
Honda,CBR600RR,,Sport,599,2003
Honda,CBR600RR,,Sport,599,2004
Honda,CBR600RR,,Sport,599,2005
Honda,CBR600RR,,Sport,599,2006
Honda,CBR600RR,,Sport,599,2007
Honda,CBR600RR,,Sport,599,2008
Honda,CBR600RR,,Sport,599,2009
Honda,CBR600RR,,Sport,599,2010
Honda,CBR600RR,,Sport,599,2011
Honda,CBR600RR,,Sport,599,2012
Honda,CBR600RR,,Sport,599,2013
Honda,CBR600RR,,Sport,599,2014
Honda,CBR600RR,,Sport,599,2015
Honda,CBR600RR,,Sport,599,2016
Honda,CBR600RR,,Sport,599,2017
Honda,CBR600RR,,Sport,599,2018
Honda,CBR600RR,,Sport,599,2019
Honda,CBR600RR,,Sport,599,2020
Honda,CBR600RR,,Sport,599,2021
Honda,CBR600RR,,Sport,599,2022
Honda,CBR600RR,,Sport,599,2023
Honda,CBR600RR,,Sport,599,2024
Honda,CBR600RR,,Sport,599,2025
Honda,CBR650R,,Sport,649,2019
Honda,CBR650R,,Sport,649,2020
Honda,CBR650R,,Sport,649,2021
Honda,CBR650R,,Sport,649,2022
Honda,CBR650R,,Sport,649,2023
Honda,CBR650R,,Sport,649,2024
Honda,CBR650R,,Sport,649,2025
Honda,CBR500R,,Sport,471,2013
Honda,CBR500R,,Sport,471,2014
Honda,CBR500R,,Sport,471,2015
Honda,CBR500R,,Sport,471,2016
Honda,CBR500R,,Sport,471,2017
Honda,CBR500R,,Sport,471,2018
Honda,CBR500R,,Sport,471,2019
Honda,CBR500R,,Sport,471,2020
Honda,CBR500R,,Sport,471,2021
Honda,CBR500R,,Sport,471,2022
Honda,CBR500R,,Sport,471,2023
Honda,CBR500R,,Sport,471,2024
Honda,CBR500R,,Sport,471,2025
Honda,CBR300R,,Sport,286,2015
Honda,CBR300R,,Sport,286,2016
Honda,CBR300R,,Sport,286,2017
Honda,CBR300R,,Sport,286,2018
Honda,CBR300R,,Sport,286,2019
Honda,CBR300R,,Sport,286,2020
Honda,CBR300R,,Sport,286,2021
Honda,CBR300R,,Sport,286,2022
Honda,CBR300R,,Sport,286,2023
Honda,CBR300R,,Sport,286,2024
Honda,CBR300R,,Sport,286,2025
Honda,CB1000R,Neo Sports Cafe,Naked,998,2018
Honda,CB1000R,Neo Sports Cafe,Naked,998,2019
Honda,CB1000R,Neo Sports Cafe,Naked,998,2020
Honda,CB1000R,Neo Sports Cafe,Naked,998,2021
Honda,CB1000R,Neo Sports Cafe,Naked,998,2022
Honda,CB1000R,Neo Sports Cafe,Naked,998,2023
Honda,CB1000R,Neo Sports Cafe,Naked,998,2024
Honda,CB1000R,Neo Sports Cafe,Naked,998,2025
Honda,CB650R,,Naked,649,2019
Honda,CB650R,,Naked,649,2020
Honda,CB650R,,Naked,649,2021
Honda,CB650R,,Naked,649,2022
Honda,CB650R,,Naked,649,2023
Honda,CB650R,,Naked,649,2024
Honda,CB650R,,Naked,649,2025
Honda,CB500F,,Naked,471,2013
Honda,CB500F,,Naked,471,2014
Honda,CB500F,,Naked,471,2015
Honda,CB500F,,Naked,471,2016
Honda,CB500F,,Naked,471,2017
Honda,CB500F,,Naked,471,2018
Honda,CB500F,,Naked,471,2019
Honda,CB500F,,Naked,471,2020
Honda,CB500F,,Naked,471,2021
Honda,CB500F,,Naked,471,2022
Honda,CB500F,,Naked,471,2023
Honda,CB500F,,Naked,471,2024
Honda,CB500F,,Naked,471,2025
Honda,CB300R,,Naked,286,2018
Honda,CB300R,,Naked,286,2019
Honda,CB300R,,Naked,286,2020
Honda,CB300R,,Naked,286,2021
Honda,CB300R,,Naked,286,2022
Honda,CB300R,,Naked,286,2023
Honda,CB300R,,Naked,286,2024
Honda,CB300R,,Naked,286,2025
Honda,Africa Twin,CRF1100L,Adventure,1084,2020
Honda,Africa Twin,CRF1100L,Adventure,1084,2021
Honda,Africa Twin,CRF1100L,Adventure,1084,2022
Honda,Africa Twin,CRF1100L,Adventure,1084,2023
Honda,Africa Twin,CRF1100L,Adventure,1084,2024
Honda,Africa Twin,CRF1100L,Adventure,1084,2025
Honda,Africa Twin,CRF1000L,Adventure,998,2016
Honda,Africa Twin,CRF1000L,Adventure,998,2017
Honda,Africa Twin,CRF1000L,Adventure,998,2018
Honda,Africa Twin,CRF1000L,Adventure,998,2019
Honda,NC750X,,Adventure,745,2014
Honda,NC750X,,Adventure,745,2015
Honda,NC750X,,Adventure,745,2016
Honda,NC750X,,Adventure,745,2017
Honda,NC750X,,Adventure,745,2018
Honda,NC750X,,Adventure,745,2019
Honda,NC750X,,Adventure,745,2020
Honda,NC750X,,Adventure,745,2021
Honda,NC750X,,Adventure,745,2022
Honda,NC750X,,Adventure,745,2023
Honda,NC750X,,Adventure,745,2024
Honda,NC750X,,Adventure,745,2025
Honda,Gold Wing,Tour,Touring,1833,2018
Honda,Gold Wing,Tour,Touring,1833,2019
Honda,Gold Wing,Tour,Touring,1833,2020
Honda,Gold Wing,Tour,Touring,1833,2021
Honda,Gold Wing,Tour,Touring,1833,2022
Honda,Gold Wing,Tour,Touring,1833,2023
Honda,Gold Wing,Tour,Touring,1833,2024
Honda,Gold Wing,Tour,Touring,1833,2025
Honda,Rebel 500,CMX500,Cruiser,471,2017
Honda,Rebel 500,CMX500,Cruiser,471,2018
Honda,Rebel 500,CMX500,Cruiser,471,2019
Honda,Rebel 500,CMX500,Cruiser,471,2020
Honda,Rebel 500,CMX500,Cruiser,471,2021
Honda,Rebel 500,CMX500,Cruiser,471,2022
Honda,Rebel 500,CMX500,Cruiser,471,2023
Honda,Rebel 500,CMX500,Cruiser,471,2024
Honda,Rebel 500,CMX500,Cruiser,471,2025
Honda,Rebel 1100,CMX1100,Cruiser,1084,2021
Honda,Rebel 1100,CMX1100,Cruiser,1084,2022
Honda,Rebel 1100,CMX1100,Cruiser,1084,2023
Honda,Rebel 1100,CMX1100,Cruiser,1084,2024
Honda,Rebel 1100,CMX1100,Cruiser,1084,2025
Honda,CRF300L,,Dual Sport,286,2021
Honda,CRF300L,,Dual Sport,286,2022
Honda,CRF300L,,Dual Sport,286,2023
Honda,CRF300L,,Dual Sport,286,2024
Honda,CRF300L,,Dual Sport,286,2025
Honda,CRF450R,,Motocross,449,2002
Honda,CRF450R,,Motocross,449,2003
Honda,CRF450R,,Motocross,449,2004
Honda,CRF450R,,Motocross,449,2005
Honda,CRF450R,,Motocross,449,2006
Honda,CRF450R,,Motocross,449,2007
Honda,CRF450R,,Motocross,449,2008
Honda,CRF450R,,Motocross,449,2009
Honda,CRF450R,,Motocross,449,2010
Honda,CRF450R,,Motocross,449,2011
Honda,CRF450R,,Motocross,449,2012
Honda,CRF450R,,Motocross,449,2013
Honda,CRF450R,,Motocross,449,2014
Honda,CRF450R,,Motocross,449,2015
Honda,CRF450R,,Motocross,449,2016
Honda,CRF450R,,Motocross,449,2017
Honda,CRF450R,,Motocross,449,2018
Honda,CRF450R,,Motocross,449,2019
Honda,CRF450R,,Motocross,449,2020
Honda,CRF450R,,Motocross,449,2021
Honda,CRF450R,,Motocross,449,2022
Honda,CRF450R,,Motocross,449,2023
Honda,CRF450R,,Motocross,449,2024
Honda,CRF450R,,Motocross,449,2025
Honda,Grom,MSX125,Mini,124,2014
Honda,Grom,MSX125,Mini,124,2015
Honda,Grom,MSX125,Mini,124,2016
Honda,Grom,MSX125,Mini,124,2017
Honda,Grom,MSX125,Mini,124,2018
Honda,Grom,MSX125,Mini,124,2019
Honda,Grom,MSX125,Mini,124,2020
Honda,Grom,MSX125,Mini,124,2021
Honda,Grom,MSX125,Mini,124,2022
Honda,Grom,MSX125,Mini,124,2023
Honda,Grom,MSX125,Mini,124,2024
Honda,Grom,MSX125,Mini,124,2025
Honda,Monkey,,Mini,124,2019
Honda,Monkey,,Mini,124,2020
Honda,Monkey,,Mini,124,2021
Honda,Monkey,,Mini,124,2022
Honda,Monkey,,Mini,124,2023
Honda,Monkey,,Mini,124,2024
Honda,Monkey,,Mini,124,2025
Yamaha,YZF-R1,,Sport,998,2004
Yamaha,YZF-R1,,Sport,998,2005
Yamaha,YZF-R1,,Sport,998,2006
Yamaha,YZF-R1,,Sport,998,2007
Yamaha,YZF-R1,,Sport,998,2008
Yamaha,YZF-R1,,Sport,998,2009
Yamaha,YZF-R1,,Sport,998,2010
Yamaha,YZF-R1,,Sport,998,2011
Yamaha,YZF-R1,,Sport,998,2012
Yamaha,YZF-R1,,Sport,998,2013
Yamaha,YZF-R1,,Sport,998,2014
Yamaha,YZF-R1,,Sport,998,2015
Yamaha,YZF-R1,,Sport,998,2016
Yamaha,YZF-R1,,Sport,998,2017
Yamaha,YZF-R1,,Sport,998,2018
Yamaha,YZF-R1,,Sport,998,2019
Yamaha,YZF-R1,,Sport,998,2020
Yamaha,YZF-R1,,Sport,998,2021
Yamaha,YZF-R1,,Sport,998,2022
Yamaha,YZF-R1,,Sport,998,2023
Yamaha,YZF-R1,,Sport,998,2024
Yamaha,YZF-R1,,Sport,998,2025
Yamaha,YZF-R1,M,Sport,998,2015
Yamaha,YZF-R1,M,Sport,998,2016
Yamaha,YZF-R1,M,Sport,998,2017
Yamaha,YZF-R1,M,Sport,998,2018
Yamaha,YZF-R1,M,Sport,998,2019
Yamaha,YZF-R1,M,Sport,998,2020
Yamaha,YZF-R1,M,Sport,998,2021
Yamaha,YZF-R1,M,Sport,998,2022
Yamaha,YZF-R1,M,Sport,998,2023
Yamaha,YZF-R1,M,Sport,998,2024
Yamaha,YZF-R1,M,Sport,998,2025
Yamaha,YZF-R6,,Sport,599,2003
Yamaha,YZF-R6,,Sport,599,2004
Yamaha,YZF-R6,,Sport,599,2005
Yamaha,YZF-R6,,Sport,599,2006
Yamaha,YZF-R6,,Sport,599,2007
Yamaha,YZF-R6,,Sport,599,2008
Yamaha,YZF-R6,,Sport,599,2009
Yamaha,YZF-R6,,Sport,599,2010
Yamaha,YZF-R6,,Sport,599,2011
Yamaha,YZF-R6,,Sport,599,2012
Yamaha,YZF-R6,,Sport,599,2013
Yamaha,YZF-R6,,Sport,599,2014
Yamaha,YZF-R6,,Sport,599,2015
Yamaha,YZF-R6,,Sport,599,2016
Yamaha,YZF-R6,,Sport,599,2017
Yamaha,YZF-R6,,Sport,599,2018
Yamaha,YZF-R6,,Sport,599,2019
Yamaha,YZF-R6,,Sport,599,2020
Yamaha,YZF-R7,,Sport,689,2022
Yamaha,YZF-R7,,Sport,689,2023
Yamaha,YZF-R7,,Sport,689,2024
Yamaha,YZF-R7,,Sport,689,2025
Yamaha,YZF-R3,,Sport,321,2015
Yamaha,YZF-R3,,Sport,321,2016
Yamaha,YZF-R3,,Sport,321,2017
Yamaha,YZF-R3,,Sport,321,2018
Yamaha,YZF-R3,,Sport,321,2019
Yamaha,YZF-R3,,Sport,321,2020
Yamaha,YZF-R3,,Sport,321,2021
Yamaha,YZF-R3,,Sport,321,2022
Yamaha,YZF-R3,,Sport,321,2023
Yamaha,YZF-R3,,Sport,321,2024
Yamaha,YZF-R3,,Sport,321,2025
Yamaha,MT-10,,Naked,998,2016
Yamaha,MT-10,,Naked,998,2017
Yamaha,MT-10,,Naked,998,2018
Yamaha,MT-10,,Naked,998,2019
Yamaha,MT-10,,Naked,998,2020
Yamaha,MT-10,,Naked,998,2021
Yamaha,MT-10,,Naked,998,2022
Yamaha,MT-10,,Naked,998,2023
Yamaha,MT-10,,Naked,998,2024
Yamaha,MT-10,,Naked,998,2025
Yamaha,MT-09,,Naked,889,2014
Yamaha,MT-09,,Naked,889,2015
Yamaha,MT-09,,Naked,889,2016
Yamaha,MT-09,,Naked,889,2017
Yamaha,MT-09,,Naked,889,2018
Yamaha,MT-09,,Naked,889,2019
Yamaha,MT-09,,Naked,889,2020
Yamaha,MT-09,,Naked,889,2021
Yamaha,MT-09,,Naked,889,2022
Yamaha,MT-09,,Naked,889,2023
Yamaha,MT-09,,Naked,889,2024
Yamaha,MT-09,,Naked,889,2025
Yamaha,MT-07,,Naked,689,2014
Yamaha,MT-07,,Naked,689,2015
Yamaha,MT-07,,Naked,689,2016
Yamaha,MT-07,,Naked,689,2017
Yamaha,MT-07,,Naked,689,2018
Yamaha,MT-07,,Naked,689,2019
Yamaha,MT-07,,Naked,689,2020
Yamaha,MT-07,,Naked,689,2021
Yamaha,MT-07,,Naked,689,2022
Yamaha,MT-07,,Naked,689,2023
Yamaha,MT-07,,Naked,689,2024
Yamaha,MT-07,,Naked,689,2025
Yamaha,MT-03,,Naked,321,2016
Yamaha,MT-03,,Naked,321,2017
Yamaha,MT-03,,Naked,321,2018
Yamaha,MT-03,,Naked,321,2019
Yamaha,MT-03,,Naked,321,2020
Yamaha,MT-03,,Naked,321,2021
Yamaha,MT-03,,Naked,321,2022
Yamaha,MT-03,,Naked,321,2023
Yamaha,MT-03,,Naked,321,2024
Yamaha,MT-03,,Naked,321,2025
Yamaha,Tenere 700,T7,Adventure,689,2019
Yamaha,Tenere 700,T7,Adventure,689,2020
Yamaha,Tenere 700,T7,Adventure,689,2021
Yamaha,Tenere 700,T7,Adventure,689,2022
Yamaha,Tenere 700,T7,Adventure,689,2023
Yamaha,Tenere 700,T7,Adventure,689,2024
Yamaha,Tenere 700,T7,Adventure,689,2025
Yamaha,Super Tenere,XT1200Z,Adventure,1199,2010
Yamaha,Super Tenere,XT1200Z,Adventure,1199,2011
Yamaha,Super Tenere,XT1200Z,Adventure,1199,2012
Yamaha,Super Tenere,XT1200Z,Adventure,1199,2013
Yamaha,Super Tenere,XT1200Z,Adventure,1199,2014
Yamaha,Super Tenere,XT1200Z,Adventure,1199,2015
Yamaha,Super Tenere,XT1200Z,Adventure,1199,2016
Yamaha,Super Tenere,XT1200Z,Adventure,1199,2017
Yamaha,Super Tenere,XT1200Z,Adventure,1199,2018
Yamaha,Super Tenere,XT1200Z,Adventure,1199,2019
Yamaha,Super Tenere,XT1200Z,Adventure,1199,2020
Yamaha,Super Tenere,XT1200Z,Adventure,1199,2021
Yamaha,Tracer 9,GT,Sport Touring,889,2021
Yamaha,Tracer 9,GT,Sport Touring,889,2022
Yamaha,Tracer 9,GT,Sport Touring,889,2023
Yamaha,Tracer 9,GT,Sport Touring,889,2024
Yamaha,Tracer 9,GT,Sport Touring,889,2025
Yamaha,XSR900,,Retro,889,2016
Yamaha,XSR900,,Retro,889,2017
Yamaha,XSR900,,Retro,889,2018
Yamaha,XSR900,,Retro,889,2019
Yamaha,XSR900,,Retro,889,2020
Yamaha,XSR900,,Retro,889,2021
Yamaha,XSR900,,Retro,889,2022
Yamaha,XSR900,,Retro,889,2023
Yamaha,XSR900,,Retro,889,2024
Yamaha,XSR900,,Retro,889,2025
Yamaha,XSR700,,Retro,689,2018
Yamaha,XSR700,,Retro,689,2019
Yamaha,XSR700,,Retro,689,2020
Yamaha,XSR700,,Retro,689,2021
Yamaha,XSR700,,Retro,689,2022
Yamaha,XSR700,,Retro,689,2023
Yamaha,XSR700,,Retro,689,2024
Yamaha,XSR700,,Retro,689,2025
Yamaha,Bolt,XV950,Cruiser,942,2014
Yamaha,Bolt,XV950,Cruiser,942,2015
Yamaha,Bolt,XV950,Cruiser,942,2016
Yamaha,Bolt,XV950,Cruiser,942,2017
Yamaha,Bolt,XV950,Cruiser,942,2018
Yamaha,Bolt,XV950,Cruiser,942,2019
Yamaha,Bolt,XV950,Cruiser,942,2020
Yamaha,Bolt,XV950,Cruiser,942,2021
Yamaha,Bolt,XV950,Cruiser,942,2022
Yamaha,Bolt,XV950,Cruiser,942,2023
Yamaha,Bolt,XV950,Cruiser,942,2024
Yamaha,Bolt,XV950,Cruiser,942,2025
Yamaha,WR450F,,Enduro,449,2003
Yamaha,WR450F,,Enduro,449,2004
Yamaha,WR450F,,Enduro,449,2005
Yamaha,WR450F,,Enduro,449,2006
Yamaha,WR450F,,Enduro,449,2007
Yamaha,WR450F,,Enduro,449,2008
Yamaha,WR450F,,Enduro,449,2009
Yamaha,WR450F,,Enduro,449,2010
Yamaha,WR450F,,Enduro,449,2011
Yamaha,WR450F,,Enduro,449,2012
Yamaha,WR450F,,Enduro,449,2013
Yamaha,WR450F,,Enduro,449,2014
Yamaha,WR450F,,Enduro,449,2015
Yamaha,WR450F,,Enduro,449,2016
Yamaha,WR450F,,Enduro,449,2017
Yamaha,WR450F,,Enduro,449,2018
Yamaha,WR450F,,Enduro,449,2019
Yamaha,WR450F,,Enduro,449,2020
Yamaha,WR450F,,Enduro,449,2021
Yamaha,WR450F,,Enduro,449,2022
Yamaha,WR450F,,Enduro,449,2023
Yamaha,WR450F,,Enduro,449,2024
Yamaha,WR450F,,Enduro,449,2025
Yamaha,YZ450F,,Motocross,449,2003
Yamaha,YZ450F,,Motocross,449,2004
Yamaha,YZ450F,,Motocross,449,2005
Yamaha,YZ450F,,Motocross,449,2006
Yamaha,YZ450F,,Motocross,449,2007
Yamaha,YZ450F,,Motocross,449,2008
Yamaha,YZ450F,,Motocross,449,2009
Yamaha,YZ450F,,Motocross,449,2010
Yamaha,YZ450F,,Motocross,449,2011
Yamaha,YZ450F,,Motocross,449,2012
Yamaha,YZ450F,,Motocross,449,2013
Yamaha,YZ450F,,Motocross,449,2014
Yamaha,YZ450F,,Motocross,449,2015
Yamaha,YZ450F,,Motocross,449,2016
Yamaha,YZ450F,,Motocross,449,2017
Yamaha,YZ450F,,Motocross,449,2018
Yamaha,YZ450F,,Motocross,449,2019
Yamaha,YZ450F,,Motocross,449,2020
Yamaha,YZ450F,,Motocross,449,2021
Yamaha,YZ450F,,Motocross,449,2022
Yamaha,YZ450F,,Motocross,449,2023
Yamaha,YZ450F,,Motocross,449,2024
Yamaha,YZ450F,,Motocross,449,2025
Yamaha,TMAX,,Scooter,562,2001
Yamaha,TMAX,,Scooter,562,2002
Yamaha,TMAX,,Scooter,562,2003
Yamaha,TMAX,,Scooter,562,2004
Yamaha,TMAX,,Scooter,562,2005
Yamaha,TMAX,,Scooter,562,2006
Yamaha,TMAX,,Scooter,562,2007
Yamaha,TMAX,,Scooter,562,2008
Yamaha,TMAX,,Scooter,562,2009
Yamaha,TMAX,,Scooter,562,2010
Yamaha,TMAX,,Scooter,562,2011
Yamaha,TMAX,,Scooter,562,2012
Yamaha,TMAX,,Scooter,562,2013
Yamaha,TMAX,,Scooter,562,2014
Yamaha,TMAX,,Scooter,562,2015
Yamaha,TMAX,,Scooter,562,2016
Yamaha,TMAX,,Scooter,562,2017
Yamaha,TMAX,,Scooter,562,2018
Yamaha,TMAX,,Scooter,562,2019
Yamaha,TMAX,,Scooter,562,2020
Yamaha,TMAX,,Scooter,562,2021
Yamaha,TMAX,,Scooter,562,2022
Yamaha,TMAX,,Scooter,562,2023
Yamaha,TMAX,,Scooter,562,2024
Yamaha,TMAX,,Scooter,562,2025
Kawasaki,Ninja ZX-10R,,Sport,998,2004
Kawasaki,Ninja ZX-10R,,Sport,998,2005
Kawasaki,Ninja ZX-10R,,Sport,998,2006
Kawasaki,Ninja ZX-10R,,Sport,998,2007
Kawasaki,Ninja ZX-10R,,Sport,998,2008
Kawasaki,Ninja ZX-10R,,Sport,998,2009
Kawasaki,Ninja ZX-10R,,Sport,998,2010
Kawasaki,Ninja ZX-10R,,Sport,998,2011
Kawasaki,Ninja ZX-10R,,Sport,998,2012
Kawasaki,Ninja ZX-10R,,Sport,998,2013
Kawasaki,Ninja ZX-10R,,Sport,998,2014
Kawasaki,Ninja ZX-10R,,Sport,998,2015
Kawasaki,Ninja ZX-10R,,Sport,998,2016
Kawasaki,Ninja ZX-10R,,Sport,998,2017
Kawasaki,Ninja ZX-10R,,Sport,998,2018
Kawasaki,Ninja ZX-10R,,Sport,998,2019
Kawasaki,Ninja ZX-10R,,Sport,998,2020
Kawasaki,Ninja ZX-10R,,Sport,998,2021
Kawasaki,Ninja ZX-10R,,Sport,998,2022
Kawasaki,Ninja ZX-10R,,Sport,998,2023
Kawasaki,Ninja ZX-10R,,Sport,998,2024
Kawasaki,Ninja ZX-10R,,Sport,998,2025
Kawasaki,Ninja ZX-6R,,Sport,636,2003
Kawasaki,Ninja ZX-6R,,Sport,636,2004
Kawasaki,Ninja ZX-6R,,Sport,636,2005
Kawasaki,Ninja ZX-6R,,Sport,636,2006
Kawasaki,Ninja ZX-6R,,Sport,636,2007
Kawasaki,Ninja ZX-6R,,Sport,636,2008
Kawasaki,Ninja ZX-6R,,Sport,636,2009
Kawasaki,Ninja ZX-6R,,Sport,636,2010
Kawasaki,Ninja ZX-6R,,Sport,636,2011
Kawasaki,Ninja ZX-6R,,Sport,636,2012
Kawasaki,Ninja ZX-6R,,Sport,636,2013
Kawasaki,Ninja ZX-6R,,Sport,636,2014
Kawasaki,Ninja ZX-6R,,Sport,636,2015
Kawasaki,Ninja ZX-6R,,Sport,636,2016
Kawasaki,Ninja ZX-6R,,Sport,636,2017
Kawasaki,Ninja ZX-6R,,Sport,636,2018
Kawasaki,Ninja ZX-6R,,Sport,636,2019
Kawasaki,Ninja ZX-6R,,Sport,636,2020
Kawasaki,Ninja ZX-6R,,Sport,636,2021
Kawasaki,Ninja ZX-6R,,Sport,636,2022
Kawasaki,Ninja ZX-6R,,Sport,636,2023
Kawasaki,Ninja ZX-6R,,Sport,636,2024
Kawasaki,Ninja ZX-6R,,Sport,636,2025
Kawasaki,Ninja H2,,Hypersport,998,2015
Kawasaki,Ninja H2,,Hypersport,998,2016
Kawasaki,Ninja H2,,Hypersport,998,2017
Kawasaki,Ninja H2,,Hypersport,998,2018
Kawasaki,Ninja H2,,Hypersport,998,2019
Kawasaki,Ninja H2,,Hypersport,998,2020
Kawasaki,Ninja H2,,Hypersport,998,2021
Kawasaki,Ninja H2,,Hypersport,998,2022
Kawasaki,Ninja H2,,Hypersport,998,2023
Kawasaki,Ninja H2,,Hypersport,998,2024
Kawasaki,Ninja H2,,Hypersport,998,2025
Kawasaki,Ninja 1000SX,,Sport Touring,1043,2020
Kawasaki,Ninja 1000SX,,Sport Touring,1043,2021
Kawasaki,Ninja 1000SX,,Sport Touring,1043,2022
Kawasaki,Ninja 1000SX,,Sport Touring,1043,2023
Kawasaki,Ninja 1000SX,,Sport Touring,1043,2024
Kawasaki,Ninja 1000SX,,Sport Touring,1043,2025
Kawasaki,Ninja 650,,Sport,649,2017
Kawasaki,Ninja 650,,Sport,649,2018
Kawasaki,Ninja 650,,Sport,649,2019
Kawasaki,Ninja 650,,Sport,649,2020
Kawasaki,Ninja 650,,Sport,649,2021
Kawasaki,Ninja 650,,Sport,649,2022
Kawasaki,Ninja 650,,Sport,649,2023
Kawasaki,Ninja 650,,Sport,649,2024
Kawasaki,Ninja 650,,Sport,649,2025
Kawasaki,Ninja 400,,Sport,399,2018
Kawasaki,Ninja 400,,Sport,399,2019
Kawasaki,Ninja 400,,Sport,399,2020
Kawasaki,Ninja 400,,Sport,399,2021
Kawasaki,Ninja 400,,Sport,399,2022
Kawasaki,Ninja 400,,Sport,399,2023
Kawasaki,Ninja 400,,Sport,399,2024
Kawasaki,Ninja 400,,Sport,399,2025
Kawasaki,Z900,,Naked,948,2017
Kawasaki,Z900,,Naked,948,2018
Kawasaki,Z900,,Naked,948,2019
Kawasaki,Z900,,Naked,948,2020
Kawasaki,Z900,,Naked,948,2021
Kawasaki,Z900,,Naked,948,2022
Kawasaki,Z900,,Naked,948,2023
Kawasaki,Z900,,Naked,948,2024
Kawasaki,Z900,,Naked,948,2025
Kawasaki,Z650,,Naked,649,2017
Kawasaki,Z650,,Naked,649,2018
Kawasaki,Z650,,Naked,649,2019
Kawasaki,Z650,,Naked,649,2020
Kawasaki,Z650,,Naked,649,2021
Kawasaki,Z650,,Naked,649,2022
Kawasaki,Z650,,Naked,649,2023
Kawasaki,Z650,,Naked,649,2024
Kawasaki,Z650,,Naked,649,2025
Kawasaki,Z H2,,Naked,998,2020
Kawasaki,Z H2,,Naked,998,2021
Kawasaki,Z H2,,Naked,998,2022
Kawasaki,Z H2,,Naked,998,2023
Kawasaki,Z H2,,Naked,998,2024
Kawasaki,Z H2,,Naked,998,2025
Kawasaki,Versys 1000,,Adventure,1043,2012
Kawasaki,Versys 1000,,Adventure,1043,2013
Kawasaki,Versys 1000,,Adventure,1043,2014
Kawasaki,Versys 1000,,Adventure,1043,2015
Kawasaki,Versys 1000,,Adventure,1043,2016
Kawasaki,Versys 1000,,Adventure,1043,2017
Kawasaki,Versys 1000,,Adventure,1043,2018
Kawasaki,Versys 1000,,Adventure,1043,2019
Kawasaki,Versys 1000,,Adventure,1043,2020
Kawasaki,Versys 1000,,Adventure,1043,2021
Kawasaki,Versys 1000,,Adventure,1043,2022
Kawasaki,Versys 1000,,Adventure,1043,2023
Kawasaki,Versys 1000,,Adventure,1043,2024
Kawasaki,Versys 1000,,Adventure,1043,2025
Kawasaki,Versys 650,,Adventure,649,2010
Kawasaki,Versys 650,,Adventure,649,2011
Kawasaki,Versys 650,,Adventure,649,2012
Kawasaki,Versys 650,,Adventure,649,2013
Kawasaki,Versys 650,,Adventure,649,2014
Kawasaki,Versys 650,,Adventure,649,2015
Kawasaki,Versys 650,,Adventure,649,2016
Kawasaki,Versys 650,,Adventure,649,2017
Kawasaki,Versys 650,,Adventure,649,2018
Kawasaki,Versys 650,,Adventure,649,2019
Kawasaki,Versys 650,,Adventure,649,2020
Kawasaki,Versys 650,,Adventure,649,2021
Kawasaki,Versys 650,,Adventure,649,2022
Kawasaki,Versys 650,,Adventure,649,2023
Kawasaki,Versys 650,,Adventure,649,2024
Kawasaki,Versys 650,,Adventure,649,2025
Kawasaki,KLR650,,Dual Sport,652,1987
Kawasaki,KLR650,,Dual Sport,652,1988
Kawasaki,KLR650,,Dual Sport,652,1989
Kawasaki,KLR650,,Dual Sport,652,1990
Kawasaki,KLR650,,Dual Sport,652,1991
Kawasaki,KLR650,,Dual Sport,652,1992
Kawasaki,KLR650,,Dual Sport,652,1993
Kawasaki,KLR650,,Dual Sport,652,1994
Kawasaki,KLR650,,Dual Sport,652,1995
Kawasaki,KLR650,,Dual Sport,652,1996
Kawasaki,KLR650,,Dual Sport,652,1997
Kawasaki,KLR650,,Dual Sport,652,1998
Kawasaki,KLR650,,Dual Sport,652,1999
Kawasaki,KLR650,,Dual Sport,652,2000
Kawasaki,KLR650,,Dual Sport,652,2001
Kawasaki,KLR650,,Dual Sport,652,2002
Kawasaki,KLR650,,Dual Sport,652,2003
Kawasaki,KLR650,,Dual Sport,652,2004
Kawasaki,KLR650,,Dual Sport,652,2005
Kawasaki,KLR650,,Dual Sport,652,2006
Kawasaki,KLR650,,Dual Sport,652,2007
Kawasaki,KLR650,,Dual Sport,652,2008
Kawasaki,KLR650,,Dual Sport,652,2009
Kawasaki,KLR650,,Dual Sport,652,2010
Kawasaki,KLR650,,Dual Sport,652,2011
Kawasaki,KLR650,,Dual Sport,652,2012
Kawasaki,KLR650,,Dual Sport,652,2013
Kawasaki,KLR650,,Dual Sport,652,2014
Kawasaki,KLR650,,Dual Sport,652,2015
Kawasaki,KLR650,,Dual Sport,652,2016
Kawasaki,KLR650,,Dual Sport,652,2017
Kawasaki,KLR650,,Dual Sport,652,2018
Kawasaki,KLR650,,Dual Sport,652,2019
Kawasaki,KLR650,,Dual Sport,652,2020
Kawasaki,KLR650,,Dual Sport,652,2021
Kawasaki,KLR650,,Dual Sport,652,2022
Kawasaki,KLR650,,Dual Sport,652,2023
Kawasaki,KLR650,,Dual Sport,652,2024
Kawasaki,KLR650,,Dual Sport,652,2025
Kawasaki,Vulcan S,,Cruiser,649,2015
Kawasaki,Vulcan S,,Cruiser,649,2016
Kawasaki,Vulcan S,,Cruiser,649,2017
Kawasaki,Vulcan S,,Cruiser,649,2018
Kawasaki,Vulcan S,,Cruiser,649,2019
Kawasaki,Vulcan S,,Cruiser,649,2020
Kawasaki,Vulcan S,,Cruiser,649,2021
Kawasaki,Vulcan S,,Cruiser,649,2022
Kawasaki,Vulcan S,,Cruiser,649,2023
Kawasaki,Vulcan S,,Cruiser,649,2024
Kawasaki,Vulcan S,,Cruiser,649,2025
Kawasaki,W800,,Retro,773,2011
Kawasaki,W800,,Retro,773,2012
Kawasaki,W800,,Retro,773,2013
Kawasaki,W800,,Retro,773,2014
Kawasaki,W800,,Retro,773,2015
Kawasaki,W800,,Retro,773,2016
Kawasaki,W800,,Retro,773,2017
Kawasaki,W800,,Retro,773,2018
Kawasaki,W800,,Retro,773,2019
Kawasaki,W800,,Retro,773,2020
Kawasaki,W800,,Retro,773,2021
Kawasaki,W800,,Retro,773,2022
Kawasaki,W800,,Retro,773,2023
Kawasaki,W800,,Retro,773,2024
Kawasaki,W800,,Retro,773,2025
Kawasaki,KX450,,Motocross,449,2006
Kawasaki,KX450,,Motocross,449,2007
Kawasaki,KX450,,Motocross,449,2008
Kawasaki,KX450,,Motocross,449,2009
Kawasaki,KX450,,Motocross,449,2010
Kawasaki,KX450,,Motocross,449,2011
Kawasaki,KX450,,Motocross,449,2012
Kawasaki,KX450,,Motocross,449,2013
Kawasaki,KX450,,Motocross,449,2014
Kawasaki,KX450,,Motocross,449,2015
Kawasaki,KX450,,Motocross,449,2016
Kawasaki,KX450,,Motocross,449,2017
Kawasaki,KX450,,Motocross,449,2018
Kawasaki,KX450,,Motocross,449,2019
Kawasaki,KX450,,Motocross,449,2020
Kawasaki,KX450,,Motocross,449,2021
Kawasaki,KX450,,Motocross,449,2022
Kawasaki,KX450,,Motocross,449,2023
Kawasaki,KX450,,Motocross,449,2024
Kawasaki,KX450,,Motocross,449,2025
Suzuki,GSX-R1000,,Sport,999,2001
Suzuki,GSX-R1000,,Sport,999,2002
Suzuki,GSX-R1000,,Sport,999,2003
Suzuki,GSX-R1000,,Sport,999,2004
Suzuki,GSX-R1000,,Sport,999,2005
Suzuki,GSX-R1000,,Sport,999,2006
Suzuki,GSX-R1000,,Sport,999,2007
Suzuki,GSX-R1000,,Sport,999,2008
Suzuki,GSX-R1000,,Sport,999,2009
Suzuki,GSX-R1000,,Sport,999,2010
Suzuki,GSX-R1000,,Sport,999,2011
Suzuki,GSX-R1000,,Sport,999,2012
Suzuki,GSX-R1000,,Sport,999,2013
Suzuki,GSX-R1000,,Sport,999,2014
Suzuki,GSX-R1000,,Sport,999,2015
Suzuki,GSX-R1000,,Sport,999,2016
Suzuki,GSX-R1000,,Sport,999,2017
Suzuki,GSX-R1000,,Sport,999,2018
Suzuki,GSX-R1000,,Sport,999,2019
Suzuki,GSX-R1000,,Sport,999,2020
Suzuki,GSX-R1000,,Sport,999,2021
Suzuki,GSX-R1000,,Sport,999,2022
Suzuki,GSX-R1000,,Sport,999,2023
Suzuki,GSX-R1000,,Sport,999,2024
Suzuki,GSX-R1000,,Sport,999,2025
Suzuki,GSX-R750,,Sport,749,2000
Suzuki,GSX-R750,,Sport,749,2001
Suzuki,GSX-R750,,Sport,749,2002
Suzuki,GSX-R750,,Sport,749,2003
Suzuki,GSX-R750,,Sport,749,2004
Suzuki,GSX-R750,,Sport,749,2005
Suzuki,GSX-R750,,Sport,749,2006
Suzuki,GSX-R750,,Sport,749,2007
Suzuki,GSX-R750,,Sport,749,2008
Suzuki,GSX-R750,,Sport,749,2009
Suzuki,GSX-R750,,Sport,749,2010
Suzuki,GSX-R750,,Sport,749,2011
Suzuki,GSX-R750,,Sport,749,2012
Suzuki,GSX-R750,,Sport,749,2013
Suzuki,GSX-R750,,Sport,749,2014
Suzuki,GSX-R750,,Sport,749,2015
Suzuki,GSX-R750,,Sport,749,2016
Suzuki,GSX-R750,,Sport,749,2017
Suzuki,GSX-R750,,Sport,749,2018
Suzuki,GSX-R750,,Sport,749,2019
Suzuki,GSX-R750,,Sport,749,2020
Suzuki,GSX-R750,,Sport,749,2021
Suzuki,GSX-R750,,Sport,749,2022
Suzuki,GSX-R750,,Sport,749,2023
Suzuki,GSX-R750,,Sport,749,2024
Suzuki,GSX-R750,,Sport,749,2025
Suzuki,GSX-R600,,Sport,599,2001
Suzuki,GSX-R600,,Sport,599,2002
Suzuki,GSX-R600,,Sport,599,2003
Suzuki,GSX-R600,,Sport,599,2004
Suzuki,GSX-R600,,Sport,599,2005
Suzuki,GSX-R600,,Sport,599,2006
Suzuki,GSX-R600,,Sport,599,2007
Suzuki,GSX-R600,,Sport,599,2008
Suzuki,GSX-R600,,Sport,599,2009
Suzuki,GSX-R600,,Sport,599,2010
Suzuki,GSX-R600,,Sport,599,2011
Suzuki,GSX-R600,,Sport,599,2012
Suzuki,GSX-R600,,Sport,599,2013
Suzuki,GSX-R600,,Sport,599,2014
Suzuki,GSX-R600,,Sport,599,2015
Suzuki,GSX-R600,,Sport,599,2016
Suzuki,GSX-R600,,Sport,599,2017
Suzuki,GSX-R600,,Sport,599,2018
Suzuki,GSX-R600,,Sport,599,2019
Suzuki,GSX-R600,,Sport,599,2020
Suzuki,GSX-R600,,Sport,599,2021
Suzuki,GSX-R600,,Sport,599,2022
Suzuki,GSX-R600,,Sport,599,2023
Suzuki,GSX-R600,,Sport,599,2024
Suzuki,GSX-R600,,Sport,599,2025
Suzuki,GSX-S1000,,Naked,999,2015
Suzuki,GSX-S1000,,Naked,999,2016
Suzuki,GSX-S1000,,Naked,999,2017
Suzuki,GSX-S1000,,Naked,999,2018
Suzuki,GSX-S1000,,Naked,999,2019
Suzuki,GSX-S1000,,Naked,999,2020
Suzuki,GSX-S1000,,Naked,999,2021
Suzuki,GSX-S1000,,Naked,999,2022
Suzuki,GSX-S1000,,Naked,999,2023
Suzuki,GSX-S1000,,Naked,999,2024
Suzuki,GSX-S1000,,Naked,999,2025
Suzuki,GSX-8S,,Naked,776,2023
Suzuki,GSX-8S,,Naked,776,2024
Suzuki,GSX-8S,,Naked,776,2025
Suzuki,SV650,,Naked,645,1999
Suzuki,SV650,,Naked,645,2000
Suzuki,SV650,,Naked,645,2001
Suzuki,SV650,,Naked,645,2002
Suzuki,SV650,,Naked,645,2003
Suzuki,SV650,,Naked,645,2004
Suzuki,SV650,,Naked,645,2005
Suzuki,SV650,,Naked,645,2006
Suzuki,SV650,,Naked,645,2007
Suzuki,SV650,,Naked,645,2008
Suzuki,SV650,,Naked,645,2009
Suzuki,SV650,,Naked,645,2010
Suzuki,SV650,,Naked,645,2011
Suzuki,SV650,,Naked,645,2012
Suzuki,SV650,,Naked,645,2013
Suzuki,SV650,,Naked,645,2014
Suzuki,SV650,,Naked,645,2015
Suzuki,SV650,,Naked,645,2016
Suzuki,SV650,,Naked,645,2017
Suzuki,SV650,,Naked,645,2018
Suzuki,SV650,,Naked,645,2019
Suzuki,SV650,,Naked,645,2020
Suzuki,SV650,,Naked,645,2021
Suzuki,SV650,,Naked,645,2022
Suzuki,SV650,,Naked,645,2023
Suzuki,SV650,,Naked,645,2024
Suzuki,SV650,,Naked,645,2025
Suzuki,Hayabusa,GSX1300R,Hypersport,1340,1999
Suzuki,Hayabusa,GSX1300R,Hypersport,1340,2000
Suzuki,Hayabusa,GSX1300R,Hypersport,1340,2001
Suzuki,Hayabusa,GSX1300R,Hypersport,1340,2002
Suzuki,Hayabusa,GSX1300R,Hypersport,1340,2003
Suzuki,Hayabusa,GSX1300R,Hypersport,1340,2004
Suzuki,Hayabusa,GSX1300R,Hypersport,1340,2005
Suzuki,Hayabusa,GSX1300R,Hypersport,1340,2006
Suzuki,Hayabusa,GSX1300R,Hypersport,1340,2007
Suzuki,Hayabusa,GSX1300R,Hypersport,1340,2008
Suzuki,Hayabusa,GSX1300R,Hypersport,1340,2009
Suzuki,Hayabusa,GSX1300R,Hypersport,1340,2010
Suzuki,Hayabusa,GSX1300R,Hypersport,1340,2011
Suzuki,Hayabusa,GSX1300R,Hypersport,1340,2012
Suzuki,Hayabusa,GSX1300R,Hypersport,1340,2013
Suzuki,Hayabusa,GSX1300R,Hypersport,1340,2014
Suzuki,Hayabusa,GSX1300R,Hypersport,1340,2015
Suzuki,Hayabusa,GSX1300R,Hypersport,1340,2016
Suzuki,Hayabusa,GSX1300R,Hypersport,1340,2017
Suzuki,Hayabusa,GSX1300R,Hypersport,1340,2018
Suzuki,Hayabusa,GSX1300R,Hypersport,1340,2019
Suzuki,Hayabusa,GSX1300R,Hypersport,1340,2020
Suzuki,Hayabusa,GSX1300R,Hypersport,1340,2021
Suzuki,Hayabusa,GSX1300R,Hypersport,1340,2022
Suzuki,Hayabusa,GSX1300R,Hypersport,1340,2023
Suzuki,Hayabusa,GSX1300R,Hypersport,1340,2024
Suzuki,Hayabusa,GSX1300R,Hypersport,1340,2025
Suzuki,V-Strom 1050,,Adventure,1037,2020
Suzuki,V-Strom 1050,,Adventure,1037,2021
Suzuki,V-Strom 1050,,Adventure,1037,2022
Suzuki,V-Strom 1050,,Adventure,1037,2023
Suzuki,V-Strom 1050,,Adventure,1037,2024
Suzuki,V-Strom 1050,,Adventure,1037,2025
Suzuki,V-Strom 650,,Adventure,645,2004
Suzuki,V-Strom 650,,Adventure,645,2005
Suzuki,V-Strom 650,,Adventure,645,2006
Suzuki,V-Strom 650,,Adventure,645,2007
Suzuki,V-Strom 650,,Adventure,645,2008
Suzuki,V-Strom 650,,Adventure,645,2009
Suzuki,V-Strom 650,,Adventure,645,2010
Suzuki,V-Strom 650,,Adventure,645,2011
Suzuki,V-Strom 650,,Adventure,645,2012
Suzuki,V-Strom 650,,Adventure,645,2013
Suzuki,V-Strom 650,,Adventure,645,2014
Suzuki,V-Strom 650,,Adventure,645,2015
Suzuki,V-Strom 650,,Adventure,645,2016
Suzuki,V-Strom 650,,Adventure,645,2017
Suzuki,V-Strom 650,,Adventure,645,2018
Suzuki,V-Strom 650,,Adventure,645,2019
Suzuki,V-Strom 650,,Adventure,645,2020
Suzuki,V-Strom 650,,Adventure,645,2021
Suzuki,V-Strom 650,,Adventure,645,2022
Suzuki,V-Strom 650,,Adventure,645,2023
Suzuki,V-Strom 650,,Adventure,645,2024
Suzuki,V-Strom 650,,Adventure,645,2025
Suzuki,DR-Z400,S,Dual Sport,398,2000
Suzuki,DR-Z400,S,Dual Sport,398,2001
Suzuki,DR-Z400,S,Dual Sport,398,2002
Suzuki,DR-Z400,S,Dual Sport,398,2003
Suzuki,DR-Z400,S,Dual Sport,398,2004
Suzuki,DR-Z400,S,Dual Sport,398,2005
Suzuki,DR-Z400,S,Dual Sport,398,2006
Suzuki,DR-Z400,S,Dual Sport,398,2007
Suzuki,DR-Z400,S,Dual Sport,398,2008
Suzuki,DR-Z400,S,Dual Sport,398,2009
Suzuki,DR-Z400,S,Dual Sport,398,2010
Suzuki,DR-Z400,S,Dual Sport,398,2011
Suzuki,DR-Z400,S,Dual Sport,398,2012
Suzuki,DR-Z400,S,Dual Sport,398,2013
Suzuki,DR-Z400,S,Dual Sport,398,2014
Suzuki,DR-Z400,S,Dual Sport,398,2015
Suzuki,DR-Z400,S,Dual Sport,398,2016
Suzuki,DR-Z400,S,Dual Sport,398,2017
Suzuki,DR-Z400,S,Dual Sport,398,2018
Suzuki,DR-Z400,S,Dual Sport,398,2019
Suzuki,DR-Z400,S,Dual Sport,398,2020
Suzuki,DR-Z400,S,Dual Sport,398,2021
Suzuki,DR-Z400,S,Dual Sport,398,2022
Suzuki,DR-Z400,S,Dual Sport,398,2023
Suzuki,DR-Z400,S,Dual Sport,398,2024
Suzuki,DR-Z400,S,Dual Sport,398,2025
Suzuki,Boulevard M109R,,Cruiser,1783,2006
Suzuki,Boulevard M109R,,Cruiser,1783,2007
Suzuki,Boulevard M109R,,Cruiser,1783,2008
Suzuki,Boulevard M109R,,Cruiser,1783,2009
Suzuki,Boulevard M109R,,Cruiser,1783,2010
Suzuki,Boulevard M109R,,Cruiser,1783,2011
Suzuki,Boulevard M109R,,Cruiser,1783,2012
Suzuki,Boulevard M109R,,Cruiser,1783,2013
Suzuki,Boulevard M109R,,Cruiser,1783,2014
Suzuki,Boulevard M109R,,Cruiser,1783,2015
Suzuki,Boulevard M109R,,Cruiser,1783,2016
Suzuki,Boulevard M109R,,Cruiser,1783,2017
Suzuki,Boulevard M109R,,Cruiser,1783,2018
Suzuki,Boulevard M109R,,Cruiser,1783,2019
Suzuki,Boulevard M109R,,Cruiser,1783,2020
Suzuki,Boulevard M109R,,Cruiser,1783,2021
Suzuki,Boulevard M109R,,Cruiser,1783,2022
Suzuki,Boulevard M109R,,Cruiser,1783,2023
Suzuki,Boulevard M109R,,Cruiser,1783,2024
Suzuki,Boulevard M109R,,Cruiser,1783,2025
Suzuki,RM-Z450,,Motocross,449,2005
Suzuki,RM-Z450,,Motocross,449,2006
Suzuki,RM-Z450,,Motocross,449,2007
Suzuki,RM-Z450,,Motocross,449,2008
Suzuki,RM-Z450,,Motocross,449,2009
Suzuki,RM-Z450,,Motocross,449,2010
Suzuki,RM-Z450,,Motocross,449,2011
Suzuki,RM-Z450,,Motocross,449,2012
Suzuki,RM-Z450,,Motocross,449,2013
Suzuki,RM-Z450,,Motocross,449,2014
Suzuki,RM-Z450,,Motocross,449,2015
Suzuki,RM-Z450,,Motocross,449,2016
Suzuki,RM-Z450,,Motocross,449,2017
Suzuki,RM-Z450,,Motocross,449,2018
Suzuki,RM-Z450,,Motocross,449,2019
Suzuki,RM-Z450,,Motocross,449,2020
Suzuki,RM-Z450,,Motocross,449,2021
Suzuki,RM-Z450,,Motocross,449,2022
Suzuki,RM-Z450,,Motocross,449,2023
Suzuki,RM-Z450,,Motocross,449,2024
Suzuki,RM-Z450,,Motocross,449,2025
Ducati,Panigale V4,,Sport,1103,2018
Ducati,Panigale V4,,Sport,1103,2019
Ducati,Panigale V4,,Sport,1103,2020
Ducati,Panigale V4,,Sport,1103,2021
Ducati,Panigale V4,,Sport,1103,2022
Ducati,Panigale V4,,Sport,1103,2023
Ducati,Panigale V4,,Sport,1103,2024
Ducati,Panigale V4,,Sport,1103,2025
Ducati,Panigale V4,S,Sport,1103,2018
Ducati,Panigale V4,S,Sport,1103,2019
Ducati,Panigale V4,S,Sport,1103,2020
Ducati,Panigale V4,S,Sport,1103,2021
Ducati,Panigale V4,S,Sport,1103,2022
Ducati,Panigale V4,S,Sport,1103,2023
Ducati,Panigale V4,S,Sport,1103,2024
Ducati,Panigale V4,S,Sport,1103,2025
Ducati,Panigale V2,,Sport,955,2020
Ducati,Panigale V2,,Sport,955,2021
Ducati,Panigale V2,,Sport,955,2022
Ducati,Panigale V2,,Sport,955,2023
Ducati,Panigale V2,,Sport,955,2024
Ducati,Panigale V2,,Sport,955,2025
Ducati,1299 Panigale,,Sport,1285,2015
Ducati,1299 Panigale,,Sport,1285,2016
Ducati,1299 Panigale,,Sport,1285,2017
Ducati,1299 Panigale,,Sport,1285,2018
Ducati,1299 Panigale,,Sport,1285,2019
Ducati,Monster,,Naked,937,2021
Ducati,Monster,,Naked,937,2022
Ducati,Monster,,Naked,937,2023
Ducati,Monster,,Naked,937,2024
Ducati,Monster,,Naked,937,2025
Ducati,Monster 821,,Naked,821,2014
Ducati,Monster 821,,Naked,821,2015
Ducati,Monster 821,,Naked,821,2016
Ducati,Monster 821,,Naked,821,2017
Ducati,Monster 821,,Naked,821,2018
Ducati,Monster 821,,Naked,821,2019
Ducati,Monster 821,,Naked,821,2020
Ducati,Streetfighter V4,,Naked,1103,2020
Ducati,Streetfighter V4,,Naked,1103,2021
Ducati,Streetfighter V4,,Naked,1103,2022
Ducati,Streetfighter V4,,Naked,1103,2023
Ducati,Streetfighter V4,,Naked,1103,2024
Ducati,Streetfighter V4,,Naked,1103,2025
Ducati,Multistrada V4,,Adventure,1158,2021
Ducati,Multistrada V4,,Adventure,1158,2022
Ducati,Multistrada V4,,Adventure,1158,2023
Ducati,Multistrada V4,,Adventure,1158,2024
Ducati,Multistrada V4,,Adventure,1158,2025
Ducati,Multistrada 1260,,Adventure,1262,2018
Ducati,Multistrada 1260,,Adventure,1262,2019
Ducati,Multistrada 1260,,Adventure,1262,2020
Ducati,Diavel V4,,Cruiser,1158,2023
Ducati,Diavel V4,,Cruiser,1158,2024
Ducati,Diavel V4,,Cruiser,1158,2025
Ducati,Scrambler,Icon,Retro,803,2015
Ducati,Scrambler,Icon,Retro,803,2016
Ducati,Scrambler,Icon,Retro,803,2017
Ducati,Scrambler,Icon,Retro,803,2018
Ducati,Scrambler,Icon,Retro,803,2019
Ducati,Scrambler,Icon,Retro,803,2020
Ducati,Scrambler,Icon,Retro,803,2021
Ducati,Scrambler,Icon,Retro,803,2022
Ducati,Scrambler,Icon,Retro,803,2023
Ducati,Scrambler,Icon,Retro,803,2024
Ducati,Scrambler,Icon,Retro,803,2025
Ducati,Hypermotard 950,,Supermoto,937,2019
Ducati,Hypermotard 950,,Supermoto,937,2020
Ducati,Hypermotard 950,,Supermoto,937,2021
Ducati,Hypermotard 950,,Supermoto,937,2022
Ducati,Hypermotard 950,,Supermoto,937,2023
Ducati,Hypermotard 950,,Supermoto,937,2024
Ducati,Hypermotard 950,,Supermoto,937,2025
Ducati,DesertX,,Adventure,937,2022
Ducati,DesertX,,Adventure,937,2023
Ducati,DesertX,,Adventure,937,2024
Ducati,DesertX,,Adventure,937,2025
BMW,S 1000 RR,,Sport,999,2009
BMW,S 1000 RR,,Sport,999,2010
BMW,S 1000 RR,,Sport,999,2011
BMW,S 1000 RR,,Sport,999,2012
BMW,S 1000 RR,,Sport,999,2013
BMW,S 1000 RR,,Sport,999,2014
BMW,S 1000 RR,,Sport,999,2015
BMW,S 1000 RR,,Sport,999,2016
BMW,S 1000 RR,,Sport,999,2017
BMW,S 1000 RR,,Sport,999,2018
BMW,S 1000 RR,,Sport,999,2019
BMW,S 1000 RR,,Sport,999,2020
BMW,S 1000 RR,,Sport,999,2021
BMW,S 1000 RR,,Sport,999,2022
BMW,S 1000 RR,,Sport,999,2023
BMW,S 1000 RR,,Sport,999,2024
BMW,S 1000 RR,,Sport,999,2025
BMW,S 1000 R,,Naked,999,2014
BMW,S 1000 R,,Naked,999,2015
BMW,S 1000 R,,Naked,999,2016
BMW,S 1000 R,,Naked,999,2017
BMW,S 1000 R,,Naked,999,2018
BMW,S 1000 R,,Naked,999,2019
BMW,S 1000 R,,Naked,999,2020
BMW,S 1000 R,,Naked,999,2021
BMW,S 1000 R,,Naked,999,2022
BMW,S 1000 R,,Naked,999,2023
BMW,S 1000 R,,Naked,999,2024
BMW,S 1000 R,,Naked,999,2025
BMW,S 1000 XR,,Sport Touring,999,2015
BMW,S 1000 XR,,Sport Touring,999,2016
BMW,S 1000 XR,,Sport Touring,999,2017
BMW,S 1000 XR,,Sport Touring,999,2018
BMW,S 1000 XR,,Sport Touring,999,2019
BMW,S 1000 XR,,Sport Touring,999,2020
BMW,S 1000 XR,,Sport Touring,999,2021
BMW,S 1000 XR,,Sport Touring,999,2022
BMW,S 1000 XR,,Sport Touring,999,2023
BMW,S 1000 XR,,Sport Touring,999,2024
BMW,S 1000 XR,,Sport Touring,999,2025
BMW,R 1250 GS,,Adventure,1254,2019
BMW,R 1250 GS,,Adventure,1254,2020
BMW,R 1250 GS,,Adventure,1254,2021
BMW,R 1250 GS,,Adventure,1254,2022
BMW,R 1250 GS,,Adventure,1254,2023
BMW,R 1250 GS,,Adventure,1254,2024
BMW,R 1250 GS,,Adventure,1254,2025
BMW,R 1250 GS,Adventure,Adventure,1254,2019
BMW,R 1250 GS,Adventure,Adventure,1254,2020
BMW,R 1250 GS,Adventure,Adventure,1254,2021
BMW,R 1250 GS,Adventure,Adventure,1254,2022
BMW,R 1250 GS,Adventure,Adventure,1254,2023
BMW,R 1250 GS,Adventure,Adventure,1254,2024
BMW,R 1250 GS,Adventure,Adventure,1254,2025
BMW,R 1200 GS,,Adventure,1170,2013
BMW,R 1200 GS,,Adventure,1170,2014
BMW,R 1200 GS,,Adventure,1170,2015
BMW,R 1200 GS,,Adventure,1170,2016
BMW,R 1200 GS,,Adventure,1170,2017
BMW,R 1200 GS,,Adventure,1170,2018
BMW,F 900 R,,Naked,895,2020
BMW,F 900 R,,Naked,895,2021
BMW,F 900 R,,Naked,895,2022
BMW,F 900 R,,Naked,895,2023
BMW,F 900 R,,Naked,895,2024
BMW,F 900 R,,Naked,895,2025
BMW,F 850 GS,,Adventure,853,2018
BMW,F 850 GS,,Adventure,853,2019
BMW,F 850 GS,,Adventure,853,2020
BMW,F 850 GS,,Adventure,853,2021
BMW,F 850 GS,,Adventure,853,2022
BMW,F 850 GS,,Adventure,853,2023
BMW,F 850 GS,,Adventure,853,2024
BMW,F 850 GS,,Adventure,853,2025
BMW,F 750 GS,,Adventure,853,2018
BMW,F 750 GS,,Adventure,853,2019
BMW,F 750 GS,,Adventure,853,2020
BMW,F 750 GS,,Adventure,853,2021
BMW,F 750 GS,,Adventure,853,2022
BMW,F 750 GS,,Adventure,853,2023
BMW,F 750 GS,,Adventure,853,2024
BMW,F 750 GS,,Adventure,853,2025
BMW,R nineT,,Retro,1170,2014
BMW,R nineT,,Retro,1170,2015
BMW,R nineT,,Retro,1170,2016
BMW,R nineT,,Retro,1170,2017
BMW,R nineT,,Retro,1170,2018
BMW,R nineT,,Retro,1170,2019
BMW,R nineT,,Retro,1170,2020
BMW,R nineT,,Retro,1170,2021
BMW,R nineT,,Retro,1170,2022
BMW,R nineT,,Retro,1170,2023
BMW,R nineT,,Retro,1170,2024
BMW,R nineT,,Retro,1170,2025
BMW,R 1250 RT,,Touring,1254,2019
BMW,R 1250 RT,,Touring,1254,2020
BMW,R 1250 RT,,Touring,1254,2021
BMW,R 1250 RT,,Touring,1254,2022
BMW,R 1250 RT,,Touring,1254,2023
BMW,R 1250 RT,,Touring,1254,2024
BMW,R 1250 RT,,Touring,1254,2025
BMW,G 310 GS,,Adventure,313,2017
BMW,G 310 GS,,Adventure,313,2018
BMW,G 310 GS,,Adventure,313,2019
BMW,G 310 GS,,Adventure,313,2020
BMW,G 310 GS,,Adventure,313,2021
BMW,G 310 GS,,Adventure,313,2022
BMW,G 310 GS,,Adventure,313,2023
BMW,G 310 GS,,Adventure,313,2024
BMW,G 310 GS,,Adventure,313,2025
BMW,G 310 R,,Naked,313,2016
BMW,G 310 R,,Naked,313,2017
BMW,G 310 R,,Naked,313,2018
BMW,G 310 R,,Naked,313,2019
BMW,G 310 R,,Naked,313,2020
BMW,G 310 R,,Naked,313,2021
BMW,G 310 R,,Naked,313,2022
BMW,G 310 R,,Naked,313,2023
BMW,G 310 R,,Naked,313,2024
BMW,G 310 R,,Naked,313,2025
KTM,1290 Super Duke R,,Naked,1301,2014
KTM,1290 Super Duke R,,Naked,1301,2015
KTM,1290 Super Duke R,,Naked,1301,2016
KTM,1290 Super Duke R,,Naked,1301,2017
KTM,1290 Super Duke R,,Naked,1301,2018
KTM,1290 Super Duke R,,Naked,1301,2019
KTM,1290 Super Duke R,,Naked,1301,2020
KTM,1290 Super Duke R,,Naked,1301,2021
KTM,1290 Super Duke R,,Naked,1301,2022
KTM,1290 Super Duke R,,Naked,1301,2023
KTM,1290 Super Duke R,,Naked,1301,2024
KTM,1290 Super Duke R,,Naked,1301,2025
KTM,890 Duke,R,Naked,889,2020
KTM,890 Duke,R,Naked,889,2021
KTM,890 Duke,R,Naked,889,2022
KTM,890 Duke,R,Naked,889,2023
KTM,890 Duke,R,Naked,889,2024
KTM,890 Duke,R,Naked,889,2025
KTM,790 Duke,,Naked,799,2018
KTM,790 Duke,,Naked,799,2019
KTM,790 Duke,,Naked,799,2020
KTM,790 Duke,,Naked,799,2021
KTM,790 Duke,,Naked,799,2022
KTM,790 Duke,,Naked,799,2023
KTM,790 Duke,,Naked,799,2024
KTM,790 Duke,,Naked,799,2025
KTM,390 Duke,,Naked,373,2013
KTM,390 Duke,,Naked,373,2014
KTM,390 Duke,,Naked,373,2015
KTM,390 Duke,,Naked,373,2016
KTM,390 Duke,,Naked,373,2017
KTM,390 Duke,,Naked,373,2018
KTM,390 Duke,,Naked,373,2019
KTM,390 Duke,,Naked,373,2020
KTM,390 Duke,,Naked,373,2021
KTM,390 Duke,,Naked,373,2022
KTM,390 Duke,,Naked,373,2023
KTM,390 Duke,,Naked,373,2024
KTM,390 Duke,,Naked,373,2025
KTM,250 Duke,,Naked,249,2015
KTM,250 Duke,,Naked,249,2016
KTM,250 Duke,,Naked,249,2017
KTM,250 Duke,,Naked,249,2018
KTM,250 Duke,,Naked,249,2019
KTM,250 Duke,,Naked,249,2020
KTM,250 Duke,,Naked,249,2021
KTM,250 Duke,,Naked,249,2022
KTM,250 Duke,,Naked,249,2023
KTM,250 Duke,,Naked,249,2024
KTM,250 Duke,,Naked,249,2025
KTM,1290 Super Adventure,S,Adventure,1301,2015
KTM,1290 Super Adventure,S,Adventure,1301,2016
KTM,1290 Super Adventure,S,Adventure,1301,2017
KTM,1290 Super Adventure,S,Adventure,1301,2018
KTM,1290 Super Adventure,S,Adventure,1301,2019
KTM,1290 Super Adventure,S,Adventure,1301,2020
KTM,1290 Super Adventure,S,Adventure,1301,2021
KTM,1290 Super Adventure,S,Adventure,1301,2022
KTM,1290 Super Adventure,S,Adventure,1301,2023
KTM,1290 Super Adventure,S,Adventure,1301,2024
KTM,1290 Super Adventure,S,Adventure,1301,2025
KTM,890 Adventure,R,Adventure,889,2021
KTM,890 Adventure,R,Adventure,889,2022
KTM,890 Adventure,R,Adventure,889,2023
KTM,890 Adventure,R,Adventure,889,2024
KTM,890 Adventure,R,Adventure,889,2025
KTM,790 Adventure,,Adventure,799,2019
KTM,790 Adventure,,Adventure,799,2020
KTM,790 Adventure,,Adventure,799,2021
KTM,790 Adventure,,Adventure,799,2022
KTM,790 Adventure,,Adventure,799,2023
KTM,790 Adventure,,Adventure,799,2024
KTM,790 Adventure,,Adventure,799,2025
KTM,390 Adventure,,Adventure,373,2020
KTM,390 Adventure,,Adventure,373,2021
KTM,390 Adventure,,Adventure,373,2022
KTM,390 Adventure,,Adventure,373,2023
KTM,390 Adventure,,Adventure,373,2024
KTM,390 Adventure,,Adventure,373,2025
KTM,RC 390,,Sport,373,2014
KTM,RC 390,,Sport,373,2015
KTM,RC 390,,Sport,373,2016
KTM,RC 390,,Sport,373,2017
KTM,RC 390,,Sport,373,2018
KTM,RC 390,,Sport,373,2019
KTM,RC 390,,Sport,373,2020
KTM,RC 390,,Sport,373,2021
KTM,RC 390,,Sport,373,2022
KTM,RC 390,,Sport,373,2023
KTM,RC 390,,Sport,373,2024
KTM,RC 390,,Sport,373,2025
KTM,450 SX-F,,Motocross,450,2007
KTM,450 SX-F,,Motocross,450,2008
KTM,450 SX-F,,Motocross,450,2009
KTM,450 SX-F,,Motocross,450,2010
KTM,450 SX-F,,Motocross,450,2011
KTM,450 SX-F,,Motocross,450,2012
KTM,450 SX-F,,Motocross,450,2013
KTM,450 SX-F,,Motocross,450,2014
KTM,450 SX-F,,Motocross,450,2015
KTM,450 SX-F,,Motocross,450,2016
KTM,450 SX-F,,Motocross,450,2017
KTM,450 SX-F,,Motocross,450,2018
KTM,450 SX-F,,Motocross,450,2019
KTM,450 SX-F,,Motocross,450,2020
KTM,450 SX-F,,Motocross,450,2021
KTM,450 SX-F,,Motocross,450,2022
KTM,450 SX-F,,Motocross,450,2023
KTM,450 SX-F,,Motocross,450,2024
KTM,450 SX-F,,Motocross,450,2025
KTM,500 EXC-F,,Enduro,510,2012
KTM,500 EXC-F,,Enduro,510,2013
KTM,500 EXC-F,,Enduro,510,2014
KTM,500 EXC-F,,Enduro,510,2015
KTM,500 EXC-F,,Enduro,510,2016
KTM,500 EXC-F,,Enduro,510,2017
KTM,500 EXC-F,,Enduro,510,2018
KTM,500 EXC-F,,Enduro,510,2019
KTM,500 EXC-F,,Enduro,510,2020
KTM,500 EXC-F,,Enduro,510,2021
KTM,500 EXC-F,,Enduro,510,2022
KTM,500 EXC-F,,Enduro,510,2023
KTM,500 EXC-F,,Enduro,510,2024
KTM,500 EXC-F,,Enduro,510,2025
Harley-Davidson,Street Glide,,Touring,1868,2017
Harley-Davidson,Street Glide,,Touring,1868,2018
Harley-Davidson,Street Glide,,Touring,1868,2019
Harley-Davidson,Street Glide,,Touring,1868,2020
Harley-Davidson,Street Glide,,Touring,1868,2021
Harley-Davidson,Street Glide,,Touring,1868,2022
Harley-Davidson,Street Glide,,Touring,1868,2023
Harley-Davidson,Street Glide,,Touring,1868,2024
Harley-Davidson,Street Glide,,Touring,1868,2025
Harley-Davidson,Road Glide,,Touring,1868,2017
Harley-Davidson,Road Glide,,Touring,1868,2018
Harley-Davidson,Road Glide,,Touring,1868,2019
Harley-Davidson,Road Glide,,Touring,1868,2020
Harley-Davidson,Road Glide,,Touring,1868,2021
Harley-Davidson,Road Glide,,Touring,1868,2022
Harley-Davidson,Road Glide,,Touring,1868,2023
Harley-Davidson,Road Glide,,Touring,1868,2024
Harley-Davidson,Road Glide,,Touring,1868,2025
Harley-Davidson,Road King,,Touring,1746,2017
Harley-Davidson,Road King,,Touring,1746,2018
Harley-Davidson,Road King,,Touring,1746,2019
Harley-Davidson,Road King,,Touring,1746,2020
Harley-Davidson,Road King,,Touring,1746,2021
Harley-Davidson,Road King,,Touring,1746,2022
Harley-Davidson,Road King,,Touring,1746,2023
Harley-Davidson,Road King,,Touring,1746,2024
Harley-Davidson,Road King,,Touring,1746,2025
Harley-Davidson,Fat Boy,,Cruiser,1868,2018
Harley-Davidson,Fat Boy,,Cruiser,1868,2019
Harley-Davidson,Fat Boy,,Cruiser,1868,2020
Harley-Davidson,Fat Boy,,Cruiser,1868,2021
Harley-Davidson,Fat Boy,,Cruiser,1868,2022
Harley-Davidson,Fat Boy,,Cruiser,1868,2023
Harley-Davidson,Fat Boy,,Cruiser,1868,2024
Harley-Davidson,Fat Boy,,Cruiser,1868,2025
Harley-Davidson,Heritage Classic,,Cruiser,1746,2018
Harley-Davidson,Heritage Classic,,Cruiser,1746,2019
Harley-Davidson,Heritage Classic,,Cruiser,1746,2020
Harley-Davidson,Heritage Classic,,Cruiser,1746,2021
Harley-Davidson,Heritage Classic,,Cruiser,1746,2022
Harley-Davidson,Heritage Classic,,Cruiser,1746,2023
Harley-Davidson,Heritage Classic,,Cruiser,1746,2024
Harley-Davidson,Heritage Classic,,Cruiser,1746,2025
Harley-Davidson,Iron 883,Sportster,Cruiser,883,2009
Harley-Davidson,Iron 883,Sportster,Cruiser,883,2010
Harley-Davidson,Iron 883,Sportster,Cruiser,883,2011
Harley-Davidson,Iron 883,Sportster,Cruiser,883,2012
Harley-Davidson,Iron 883,Sportster,Cruiser,883,2013
Harley-Davidson,Iron 883,Sportster,Cruiser,883,2014
Harley-Davidson,Iron 883,Sportster,Cruiser,883,2015
Harley-Davidson,Iron 883,Sportster,Cruiser,883,2016
Harley-Davidson,Iron 883,Sportster,Cruiser,883,2017
Harley-Davidson,Iron 883,Sportster,Cruiser,883,2018
Harley-Davidson,Iron 883,Sportster,Cruiser,883,2019
Harley-Davidson,Iron 883,Sportster,Cruiser,883,2020
Harley-Davidson,Iron 883,Sportster,Cruiser,883,2021
Harley-Davidson,Iron 883,Sportster,Cruiser,883,2022
Harley-Davidson,Forty-Eight,Sportster,Cruiser,1202,2010
Harley-Davidson,Forty-Eight,Sportster,Cruiser,1202,2011
Harley-Davidson,Forty-Eight,Sportster,Cruiser,1202,2012
Harley-Davidson,Forty-Eight,Sportster,Cruiser,1202,2013
Harley-Davidson,Forty-Eight,Sportster,Cruiser,1202,2014
Harley-Davidson,Forty-Eight,Sportster,Cruiser,1202,2015
Harley-Davidson,Forty-Eight,Sportster,Cruiser,1202,2016
Harley-Davidson,Forty-Eight,Sportster,Cruiser,1202,2017
Harley-Davidson,Forty-Eight,Sportster,Cruiser,1202,2018
Harley-Davidson,Forty-Eight,Sportster,Cruiser,1202,2019
Harley-Davidson,Forty-Eight,Sportster,Cruiser,1202,2020
Harley-Davidson,Forty-Eight,Sportster,Cruiser,1202,2021
Harley-Davidson,Forty-Eight,Sportster,Cruiser,1202,2022
Harley-Davidson,Sportster S,,Cruiser,1252,2021
Harley-Davidson,Sportster S,,Cruiser,1252,2022
Harley-Davidson,Sportster S,,Cruiser,1252,2023
Harley-Davidson,Sportster S,,Cruiser,1252,2024
Harley-Davidson,Sportster S,,Cruiser,1252,2025
Harley-Davidson,Nightster,,Cruiser,975,2022
Harley-Davidson,Nightster,,Cruiser,975,2023
Harley-Davidson,Nightster,,Cruiser,975,2024
Harley-Davidson,Nightster,,Cruiser,975,2025
Harley-Davidson,Pan America,1250,Adventure,1252,2021
Harley-Davidson,Pan America,1250,Adventure,1252,2022
Harley-Davidson,Pan America,1250,Adventure,1252,2023
Harley-Davidson,Pan America,1250,Adventure,1252,2024
Harley-Davidson,Pan America,1250,Adventure,1252,2025
Harley-Davidson,Fat Bob,,Cruiser,1868,2018
Harley-Davidson,Fat Bob,,Cruiser,1868,2019
Harley-Davidson,Fat Bob,,Cruiser,1868,2020
Harley-Davidson,Fat Bob,,Cruiser,1868,2021
Harley-Davidson,Fat Bob,,Cruiser,1868,2022
Harley-Davidson,Fat Bob,,Cruiser,1868,2023
Harley-Davidson,Fat Bob,,Cruiser,1868,2024
Harley-Davidson,Fat Bob,,Cruiser,1868,2025
Harley-Davidson,LiveWire,,Electric,0,2019
Harley-Davidson,LiveWire,,Electric,0,2020
Harley-Davidson,LiveWire,,Electric,0,2021
Triumph,Street Triple,RS,Naked,765,2017
Triumph,Street Triple,RS,Naked,765,2018
Triumph,Street Triple,RS,Naked,765,2019
Triumph,Street Triple,RS,Naked,765,2020
Triumph,Street Triple,RS,Naked,765,2021
Triumph,Street Triple,RS,Naked,765,2022
Triumph,Street Triple,RS,Naked,765,2023
Triumph,Street Triple,RS,Naked,765,2024
Triumph,Street Triple,RS,Naked,765,2025
Triumph,Speed Triple,1200 RS,Naked,1160,2021
Triumph,Speed Triple,1200 RS,Naked,1160,2022
Triumph,Speed Triple,1200 RS,Naked,1160,2023
Triumph,Speed Triple,1200 RS,Naked,1160,2024
Triumph,Speed Triple,1200 RS,Naked,1160,2025
Triumph,Trident 660,,Naked,660,2021
Triumph,Trident 660,,Naked,660,2022
Triumph,Trident 660,,Naked,660,2023
Triumph,Trident 660,,Naked,660,2024
Triumph,Trident 660,,Naked,660,2025
Triumph,Daytona 675,,Sport,675,2006
Triumph,Daytona 675,,Sport,675,2007
Triumph,Daytona 675,,Sport,675,2008
Triumph,Daytona 675,,Sport,675,2009
Triumph,Daytona 675,,Sport,675,2010
Triumph,Daytona 675,,Sport,675,2011
Triumph,Daytona 675,,Sport,675,2012
Triumph,Daytona 675,,Sport,675,2013
Triumph,Daytona 675,,Sport,675,2014
Triumph,Daytona 675,,Sport,675,2015
Triumph,Daytona 675,,Sport,675,2016
Triumph,Daytona 675,,Sport,675,2017
Triumph,Daytona Moto2 765,,Sport,765,2020
Triumph,Daytona Moto2 765,,Sport,765,2021
Triumph,Daytona Moto2 765,,Sport,765,2022
Triumph,Daytona Moto2 765,,Sport,765,2023
Triumph,Daytona Moto2 765,,Sport,765,2024
Triumph,Daytona Moto2 765,,Sport,765,2025
Triumph,Tiger 900,Rally Pro,Adventure,888,2020
Triumph,Tiger 900,Rally Pro,Adventure,888,2021
Triumph,Tiger 900,Rally Pro,Adventure,888,2022
Triumph,Tiger 900,Rally Pro,Adventure,888,2023
Triumph,Tiger 900,Rally Pro,Adventure,888,2024
Triumph,Tiger 900,Rally Pro,Adventure,888,2025
Triumph,Tiger 1200,GT,Adventure,1160,2022
Triumph,Tiger 1200,GT,Adventure,1160,2023
Triumph,Tiger 1200,GT,Adventure,1160,2024
Triumph,Tiger 1200,GT,Adventure,1160,2025
Triumph,Bonneville T120,,Retro,1200,2016
Triumph,Bonneville T120,,Retro,1200,2017
Triumph,Bonneville T120,,Retro,1200,2018
Triumph,Bonneville T120,,Retro,1200,2019
Triumph,Bonneville T120,,Retro,1200,2020
Triumph,Bonneville T120,,Retro,1200,2021
Triumph,Bonneville T120,,Retro,1200,2022
Triumph,Bonneville T120,,Retro,1200,2023
Triumph,Bonneville T120,,Retro,1200,2024
Triumph,Bonneville T120,,Retro,1200,2025
Triumph,Bonneville T100,,Retro,900,2017
Triumph,Bonneville T100,,Retro,900,2018
Triumph,Bonneville T100,,Retro,900,2019
Triumph,Bonneville T100,,Retro,900,2020
Triumph,Bonneville T100,,Retro,900,2021
Triumph,Bonneville T100,,Retro,900,2022
Triumph,Bonneville T100,,Retro,900,2023
Triumph,Bonneville T100,,Retro,900,2024
Triumph,Bonneville T100,,Retro,900,2025
Triumph,Scrambler 1200,XE,Scrambler,1200,2019
Triumph,Scrambler 1200,XE,Scrambler,1200,2020
Triumph,Scrambler 1200,XE,Scrambler,1200,2021
Triumph,Scrambler 1200,XE,Scrambler,1200,2022
Triumph,Scrambler 1200,XE,Scrambler,1200,2023
Triumph,Scrambler 1200,XE,Scrambler,1200,2024
Triumph,Scrambler 1200,XE,Scrambler,1200,2025
Triumph,Speed Twin,1200,Retro,1200,2019
Triumph,Speed Twin,1200,Retro,1200,2020
Triumph,Speed Twin,1200,Retro,1200,2021
Triumph,Speed Twin,1200,Retro,1200,2022
Triumph,Speed Twin,1200,Retro,1200,2023
Triumph,Speed Twin,1200,Retro,1200,2024
Triumph,Speed Twin,1200,Retro,1200,2025
Triumph,Rocket 3,R,Cruiser,2458,2020
Triumph,Rocket 3,R,Cruiser,2458,2021
Triumph,Rocket 3,R,Cruiser,2458,2022
Triumph,Rocket 3,R,Cruiser,2458,2023
Triumph,Rocket 3,R,Cruiser,2458,2024
Triumph,Rocket 3,R,Cruiser,2458,2025
Aprilia,RSV4,Factory,Sport,1099,2009
Aprilia,RSV4,Factory,Sport,1099,2010
Aprilia,RSV4,Factory,Sport,1099,2011
Aprilia,RSV4,Factory,Sport,1099,2012
Aprilia,RSV4,Factory,Sport,1099,2013
Aprilia,RSV4,Factory,Sport,1099,2014
Aprilia,RSV4,Factory,Sport,1099,2015
Aprilia,RSV4,Factory,Sport,1099,2016
Aprilia,RSV4,Factory,Sport,1099,2017
Aprilia,RSV4,Factory,Sport,1099,2018
Aprilia,RSV4,Factory,Sport,1099,2019
Aprilia,RSV4,Factory,Sport,1099,2020
Aprilia,RSV4,Factory,Sport,1099,2021
Aprilia,RSV4,Factory,Sport,1099,2022
Aprilia,RSV4,Factory,Sport,1099,2023
Aprilia,RSV4,Factory,Sport,1099,2024
Aprilia,RSV4,Factory,Sport,1099,2025
Aprilia,RS 660,,Sport,659,2020
Aprilia,RS 660,,Sport,659,2021
Aprilia,RS 660,,Sport,659,2022
Aprilia,RS 660,,Sport,659,2023
Aprilia,RS 660,,Sport,659,2024
Aprilia,RS 660,,Sport,659,2025
Aprilia,RS 125,,Sport,125,2006
Aprilia,RS 125,,Sport,125,2007
Aprilia,RS 125,,Sport,125,2008
Aprilia,RS 125,,Sport,125,2009
Aprilia,RS 125,,Sport,125,2010
Aprilia,RS 125,,Sport,125,2011
Aprilia,RS 125,,Sport,125,2012
Aprilia,RS 125,,Sport,125,2013
Aprilia,RS 125,,Sport,125,2014
Aprilia,RS 125,,Sport,125,2015
Aprilia,RS 125,,Sport,125,2016
Aprilia,RS 125,,Sport,125,2017
Aprilia,RS 125,,Sport,125,2018
Aprilia,RS 125,,Sport,125,2019
Aprilia,RS 125,,Sport,125,2020
Aprilia,RS 125,,Sport,125,2021
Aprilia,RS 125,,Sport,125,2022
Aprilia,RS 125,,Sport,125,2023
Aprilia,RS 125,,Sport,125,2024
Aprilia,RS 125,,Sport,125,2025
Aprilia,Tuono V4,Factory,Naked,1077,2011
Aprilia,Tuono V4,Factory,Naked,1077,2012
Aprilia,Tuono V4,Factory,Naked,1077,2013
Aprilia,Tuono V4,Factory,Naked,1077,2014
Aprilia,Tuono V4,Factory,Naked,1077,2015
Aprilia,Tuono V4,Factory,Naked,1077,2016
Aprilia,Tuono V4,Factory,Naked,1077,2017
Aprilia,Tuono V4,Factory,Naked,1077,2018
Aprilia,Tuono V4,Factory,Naked,1077,2019
Aprilia,Tuono V4,Factory,Naked,1077,2020
Aprilia,Tuono V4,Factory,Naked,1077,2021
Aprilia,Tuono V4,Factory,Naked,1077,2022
Aprilia,Tuono V4,Factory,Naked,1077,2023
Aprilia,Tuono V4,Factory,Naked,1077,2024
Aprilia,Tuono V4,Factory,Naked,1077,2025
Aprilia,Tuono 660,,Naked,659,2021
Aprilia,Tuono 660,,Naked,659,2022
Aprilia,Tuono 660,,Naked,659,2023
Aprilia,Tuono 660,,Naked,659,2024
Aprilia,Tuono 660,,Naked,659,2025
Aprilia,Tuareg 660,,Adventure,659,2022
Aprilia,Tuareg 660,,Adventure,659,2023
Aprilia,Tuareg 660,,Adventure,659,2024
Aprilia,Tuareg 660,,Adventure,659,2025
Royal Enfield,Classic 350,,Cruiser,349,2021
Royal Enfield,Classic 350,,Cruiser,349,2022
Royal Enfield,Classic 350,,Cruiser,349,2023
Royal Enfield,Classic 350,,Cruiser,349,2024
Royal Enfield,Classic 350,,Cruiser,349,2025
Royal Enfield,Meteor 350,,Cruiser,349,2020
Royal Enfield,Meteor 350,,Cruiser,349,2021
Royal Enfield,Meteor 350,,Cruiser,349,2022
Royal Enfield,Meteor 350,,Cruiser,349,2023
Royal Enfield,Meteor 350,,Cruiser,349,2024
Royal Enfield,Meteor 350,,Cruiser,349,2025
Royal Enfield,Hunter 350,,Roadster,349,2022
Royal Enfield,Hunter 350,,Roadster,349,2023
Royal Enfield,Hunter 350,,Roadster,349,2024
Royal Enfield,Hunter 350,,Roadster,349,2025
Royal Enfield,Continental GT 650,,Cafe Racer,648,2018
Royal Enfield,Continental GT 650,,Cafe Racer,648,2019
Royal Enfield,Continental GT 650,,Cafe Racer,648,2020
Royal Enfield,Continental GT 650,,Cafe Racer,648,2021
Royal Enfield,Continental GT 650,,Cafe Racer,648,2022
Royal Enfield,Continental GT 650,,Cafe Racer,648,2023
Royal Enfield,Continental GT 650,,Cafe Racer,648,2024
Royal Enfield,Continental GT 650,,Cafe Racer,648,2025
Royal Enfield,Interceptor 650,INT650,Retro,648,2018
Royal Enfield,Interceptor 650,INT650,Retro,648,2019
Royal Enfield,Interceptor 650,INT650,Retro,648,2020
Royal Enfield,Interceptor 650,INT650,Retro,648,2021
Royal Enfield,Interceptor 650,INT650,Retro,648,2022
Royal Enfield,Interceptor 650,INT650,Retro,648,2023
Royal Enfield,Interceptor 650,INT650,Retro,648,2024
Royal Enfield,Interceptor 650,INT650,Retro,648,2025
Royal Enfield,Himalayan,,Adventure,411,2016
Royal Enfield,Himalayan,,Adventure,411,2017
Royal Enfield,Himalayan,,Adventure,411,2018
Royal Enfield,Himalayan,,Adventure,411,2019
Royal Enfield,Himalayan,,Adventure,411,2020
Royal Enfield,Himalayan,,Adventure,411,2021
Royal Enfield,Himalayan,,Adventure,411,2022
Royal Enfield,Himalayan,,Adventure,411,2023
Royal Enfield,Himalayan 450,,Adventure,452,2024
Royal Enfield,Himalayan 450,,Adventure,452,2025
Husqvarna,Svartpilen 401,,Naked,373,2018
Husqvarna,Svartpilen 401,,Naked,373,2019
Husqvarna,Svartpilen 401,,Naked,373,2020
Husqvarna,Svartpilen 401,,Naked,373,2021
Husqvarna,Svartpilen 401,,Naked,373,2022
Husqvarna,Svartpilen 401,,Naked,373,2023
Husqvarna,Svartpilen 401,,Naked,373,2024
Husqvarna,Svartpilen 401,,Naked,373,2025
Husqvarna,Vitpilen 401,,Naked,373,2018
Husqvarna,Vitpilen 401,,Naked,373,2019
Husqvarna,Vitpilen 401,,Naked,373,2020
Husqvarna,Vitpilen 401,,Naked,373,2021
Husqvarna,Vitpilen 401,,Naked,373,2022
Husqvarna,Vitpilen 401,,Naked,373,2023
Husqvarna,Vitpilen 401,,Naked,373,2024
Husqvarna,Vitpilen 401,,Naked,373,2025
Husqvarna,Norden 901,,Adventure,889,2022
Husqvarna,Norden 901,,Adventure,889,2023
Husqvarna,Norden 901,,Adventure,889,2024
Husqvarna,Norden 901,,Adventure,889,2025
Husqvarna,FE 350,,Enduro,350,2014
Husqvarna,FE 350,,Enduro,350,2015
Husqvarna,FE 350,,Enduro,350,2016
Husqvarna,FE 350,,Enduro,350,2017
Husqvarna,FE 350,,Enduro,350,2018
Husqvarna,FE 350,,Enduro,350,2019
Husqvarna,FE 350,,Enduro,350,2020
Husqvarna,FE 350,,Enduro,350,2021
Husqvarna,FE 350,,Enduro,350,2022
Husqvarna,FE 350,,Enduro,350,2023
Husqvarna,FE 350,,Enduro,350,2024
Husqvarna,FE 350,,Enduro,350,2025
Husqvarna,FC 450,,Motocross,450,2014
Husqvarna,FC 450,,Motocross,450,2015
Husqvarna,FC 450,,Motocross,450,2016
Husqvarna,FC 450,,Motocross,450,2017
Husqvarna,FC 450,,Motocross,450,2018
Husqvarna,FC 450,,Motocross,450,2019
Husqvarna,FC 450,,Motocross,450,2020
Husqvarna,FC 450,,Motocross,450,2021
Husqvarna,FC 450,,Motocross,450,2022
Husqvarna,FC 450,,Motocross,450,2023
Husqvarna,FC 450,,Motocross,450,2024
Husqvarna,FC 450,,Motocross,450,2025
Indian,Scout,,Cruiser,1133,2015
Indian,Scout,,Cruiser,1133,2016
Indian,Scout,,Cruiser,1133,2017
Indian,Scout,,Cruiser,1133,2018
Indian,Scout,,Cruiser,1133,2019
Indian,Scout,,Cruiser,1133,2020
Indian,Scout,,Cruiser,1133,2021
Indian,Scout,,Cruiser,1133,2022
Indian,Scout,,Cruiser,1133,2023
Indian,Scout,,Cruiser,1133,2024
Indian,Scout,,Cruiser,1133,2025
Indian,Scout Bobber,,Cruiser,1133,2018
Indian,Scout Bobber,,Cruiser,1133,2019
Indian,Scout Bobber,,Cruiser,1133,2020
Indian,Scout Bobber,,Cruiser,1133,2021
Indian,Scout Bobber,,Cruiser,1133,2022
Indian,Scout Bobber,,Cruiser,1133,2023
Indian,Scout Bobber,,Cruiser,1133,2024
Indian,Scout Bobber,,Cruiser,1133,2025
Indian,Chief,Dark Horse,Cruiser,1890,2022
Indian,Chief,Dark Horse,Cruiser,1890,2023
Indian,Chief,Dark Horse,Cruiser,1890,2024
Indian,Chief,Dark Horse,Cruiser,1890,2025
Indian,Chieftain,,Touring,1890,2014
Indian,Chieftain,,Touring,1890,2015
Indian,Chieftain,,Touring,1890,2016
Indian,Chieftain,,Touring,1890,2017
Indian,Chieftain,,Touring,1890,2018
Indian,Chieftain,,Touring,1890,2019
Indian,Chieftain,,Touring,1890,2020
Indian,Chieftain,,Touring,1890,2021
Indian,Chieftain,,Touring,1890,2022
Indian,Chieftain,,Touring,1890,2023
Indian,Chieftain,,Touring,1890,2024
Indian,Chieftain,,Touring,1890,2025
Indian,FTR 1200,,Naked,1203,2019
Indian,FTR 1200,,Naked,1203,2020
Indian,FTR 1200,,Naked,1203,2021
Indian,FTR 1200,,Naked,1203,2022
Indian,FTR 1200,,Naked,1203,2023
Indian,FTR 1200,,Naked,1203,2024
Indian,FTR 1200,,Naked,1203,2025
Indian,Roadmaster,,Touring,1890,2015
Indian,Roadmaster,,Touring,1890,2016
Indian,Roadmaster,,Touring,1890,2017
Indian,Roadmaster,,Touring,1890,2018
Indian,Roadmaster,,Touring,1890,2019
Indian,Roadmaster,,Touring,1890,2020
Indian,Roadmaster,,Touring,1890,2021
Indian,Roadmaster,,Touring,1890,2022
Indian,Roadmaster,,Touring,1890,2023
Indian,Roadmaster,,Touring,1890,2024
Indian,Roadmaster,,Touring,1890,2025
Moto Guzzi,V7,Stone,Retro,853,2021
Moto Guzzi,V7,Stone,Retro,853,2022
Moto Guzzi,V7,Stone,Retro,853,2023
Moto Guzzi,V7,Stone,Retro,853,2024
Moto Guzzi,V7,Stone,Retro,853,2025
Moto Guzzi,V85 TT,,Adventure,853,2019
Moto Guzzi,V85 TT,,Adventure,853,2020
Moto Guzzi,V85 TT,,Adventure,853,2021
Moto Guzzi,V85 TT,,Adventure,853,2022
Moto Guzzi,V85 TT,,Adventure,853,2023
Moto Guzzi,V85 TT,,Adventure,853,2024
Moto Guzzi,V85 TT,,Adventure,853,2025
Moto Guzzi,V100 Mandello,,Sport Touring,1042,2022
Moto Guzzi,V100 Mandello,,Sport Touring,1042,2023
Moto Guzzi,V100 Mandello,,Sport Touring,1042,2024
Moto Guzzi,V100 Mandello,,Sport Touring,1042,2025
MV Agusta,F3,800,Sport,798,2013
MV Agusta,F3,800,Sport,798,2014
MV Agusta,F3,800,Sport,798,2015
MV Agusta,F3,800,Sport,798,2016
MV Agusta,F3,800,Sport,798,2017
MV Agusta,F3,800,Sport,798,2018
MV Agusta,F3,800,Sport,798,2019
MV Agusta,F3,800,Sport,798,2020
MV Agusta,F3,800,Sport,798,2021
MV Agusta,F3,800,Sport,798,2022
MV Agusta,F3,800,Sport,798,2023
MV Agusta,F3,800,Sport,798,2024
MV Agusta,F3,800,Sport,798,2025
MV Agusta,Brutale,800,Naked,798,2013
MV Agusta,Brutale,800,Naked,798,2014
MV Agusta,Brutale,800,Naked,798,2015
MV Agusta,Brutale,800,Naked,798,2016
MV Agusta,Brutale,800,Naked,798,2017
MV Agusta,Brutale,800,Naked,798,2018
MV Agusta,Brutale,800,Naked,798,2019
MV Agusta,Brutale,800,Naked,798,2020
MV Agusta,Brutale,800,Naked,798,2021
MV Agusta,Brutale,800,Naked,798,2022
MV Agusta,Brutale,800,Naked,798,2023
MV Agusta,Brutale,800,Naked,798,2024
MV Agusta,Brutale,800,Naked,798,2025
MV Agusta,Dragster,800,Naked,798,2014
MV Agusta,Dragster,800,Naked,798,2015
MV Agusta,Dragster,800,Naked,798,2016
MV Agusta,Dragster,800,Naked,798,2017
MV Agusta,Dragster,800,Naked,798,2018
MV Agusta,Dragster,800,Naked,798,2019
MV Agusta,Dragster,800,Naked,798,2020
MV Agusta,Dragster,800,Naked,798,2021
MV Agusta,Dragster,800,Naked,798,2022
MV Agusta,Dragster,800,Naked,798,2023
MV Agusta,Dragster,800,Naked,798,2024
MV Agusta,Dragster,800,Naked,798,2025
MV Agusta,Turismo Veloce,800,Sport Touring,798,2015
MV Agusta,Turismo Veloce,800,Sport Touring,798,2016
MV Agusta,Turismo Veloce,800,Sport Touring,798,2017
MV Agusta,Turismo Veloce,800,Sport Touring,798,2018
MV Agusta,Turismo Veloce,800,Sport Touring,798,2019
MV Agusta,Turismo Veloce,800,Sport Touring,798,2020
MV Agusta,Turismo Veloce,800,Sport Touring,798,2021
MV Agusta,Turismo Veloce,800,Sport Touring,798,2022
MV Agusta,Turismo Veloce,800,Sport Touring,798,2023
MV Agusta,Turismo Veloce,800,Sport Touring,798,2024
MV Agusta,Turismo Veloce,800,Sport Touring,798,2025
CFMoto,450SS,,Sport,449,2023
CFMoto,450SS,,Sport,449,2024
CFMoto,450SS,,Sport,449,2025
CFMoto,700CL-X,,Retro,693,2021
CFMoto,700CL-X,,Retro,693,2022
CFMoto,700CL-X,,Retro,693,2023
CFMoto,700CL-X,,Retro,693,2024
CFMoto,700CL-X,,Retro,693,2025
CFMoto,800MT,,Adventure,799,2021
CFMoto,800MT,,Adventure,799,2022
CFMoto,800MT,,Adventure,799,2023
CFMoto,800MT,,Adventure,799,2024
CFMoto,800MT,,Adventure,799,2025
CFMoto,450NK,,Naked,449,2024
CFMoto,450NK,,Naked,449,2025
Zero,SR/F,,Electric,0,2019
Zero,SR/F,,Electric,0,2020
Zero,SR/F,,Electric,0,2021
Zero,SR/F,,Electric,0,2022
Zero,SR/F,,Electric,0,2023
Zero,SR/F,,Electric,0,2024
Zero,SR/F,,Electric,0,2025
Zero,SR/S,,Electric,0,2020
Zero,SR/S,,Electric,0,2021
Zero,SR/S,,Electric,0,2022
Zero,SR/S,,Electric,0,2023
Zero,SR/S,,Electric,0,2024
Zero,SR/S,,Electric,0,2025
Zero,DSR/X,,Electric,0,2022
Zero,DSR/X,,Electric,0,2023
Zero,DSR/X,,Electric,0,2024
Zero,DSR/X,,Electric,0,2025
Zero,FX,,Electric,0,2013
Zero,FX,,Electric,0,2014
Zero,FX,,Electric,0,2015
Zero,FX,,Electric,0,2016
Zero,FX,,Electric,0,2017
Zero,FX,,Electric,0,2018
Zero,FX,,Electric,0,2019
Zero,FX,,Electric,0,2020
Zero,FX,,Electric,0,2021
Zero,FX,,Electric,0,2022
Zero,FX,,Electric,0,2023
Zero,FX,,Electric,0,2024
Zero,FX,,Electric,0,2025
Kraemer,GP2 690,,Track,693,2018
Kraemer,GP2 690,,Track,693,2019
Kraemer,GP2 690,,Track,693,2020
Kraemer,GP2 690,,Track,693,2021
Kraemer,GP2 690,,Track,693,2022
Kraemer,GP2 690,,Track,693,2023
Kraemer,GP2 690,,Track,693,2024
Kraemer,GP2 690,,Track,693,2025
Kraemer,GP2 690,R,Track,693,2020
Kraemer,GP2 690,R,Track,693,2021
Kraemer,GP2 690,R,Track,693,2022
Kraemer,GP2 690,R,Track,693,2023
Kraemer,GP2 690,R,Track,693,2024
Kraemer,GP2 690,R,Track,693,2025
Kraemer,APR690,,Track,693,2021
Kraemer,APR690,,Track,693,2022
Kraemer,APR690,,Track,693,2023
Kraemer,APR690,,Track,693,2024
Kraemer,APR690,,Track,693,2025
Kraemer,APR690,RR,Track,693,2022
Kraemer,APR690,RR,Track,693,2023
Kraemer,APR690,RR,Track,693,2024
Kraemer,APR690,RR,Track,693,2025
Kraemer,890RR,,Track,889,2022
Kraemer,890RR,,Track,889,2023
Kraemer,890RR,,Track,889,2024
Kraemer,890RR,,Track,889,2025
Ohvale,GP-0,110,Mini GP,110,2016
Ohvale,GP-0,110,Mini GP,110,2017
Ohvale,GP-0,110,Mini GP,110,2018
Ohvale,GP-0,110,Mini GP,110,2019
Ohvale,GP-0,110,Mini GP,110,2020
Ohvale,GP-0,110,Mini GP,110,2021
Ohvale,GP-0,110,Mini GP,110,2022
Ohvale,GP-0,110,Mini GP,110,2023
Ohvale,GP-0,110,Mini GP,110,2024
Ohvale,GP-0,110,Mini GP,110,2025
Ohvale,GP-0,160,Mini GP,160,2016
Ohvale,GP-0,160,Mini GP,160,2017
Ohvale,GP-0,160,Mini GP,160,2018
Ohvale,GP-0,160,Mini GP,160,2019
Ohvale,GP-0,160,Mini GP,160,2020
Ohvale,GP-0,160,Mini GP,160,2021
Ohvale,GP-0,160,Mini GP,160,2022
Ohvale,GP-0,160,Mini GP,160,2023
Ohvale,GP-0,160,Mini GP,160,2024
Ohvale,GP-0,160,Mini GP,160,2025
Ohvale,GP-0,190 Daytona,Mini GP,187,2018
Ohvale,GP-0,190 Daytona,Mini GP,187,2019
Ohvale,GP-0,190 Daytona,Mini GP,187,2020
Ohvale,GP-0,190 Daytona,Mini GP,187,2021
Ohvale,GP-0,190 Daytona,Mini GP,187,2022
Ohvale,GP-0,190 Daytona,Mini GP,187,2023
Ohvale,GP-0,190 Daytona,Mini GP,187,2024
Ohvale,GP-0,190 Daytona,Mini GP,187,2025
Ohvale,GP-0,212 Daytona,Mini GP,212,2019
Ohvale,GP-0,212 Daytona,Mini GP,212,2020
Ohvale,GP-0,212 Daytona,Mini GP,212,2021
Ohvale,GP-0,212 Daytona,Mini GP,212,2022
Ohvale,GP-0,212 Daytona,Mini GP,212,2023
Ohvale,GP-0,212 Daytona,Mini GP,212,2024
Ohvale,GP-0,212 Daytona,Mini GP,212,2025
Ohvale,GP-2,190 Daytona,Mini GP,187,2020
Ohvale,GP-2,190 Daytona,Mini GP,187,2021
Ohvale,GP-2,190 Daytona,Mini GP,187,2022
Ohvale,GP-2,190 Daytona,Mini GP,187,2023
Ohvale,GP-2,190 Daytona,Mini GP,187,2024
Ohvale,GP-2,190 Daytona,Mini GP,187,2025
Ohvale,GP-2,212 Daytona,Mini GP,212,2020
Ohvale,GP-2,212 Daytona,Mini GP,212,2021
Ohvale,GP-2,212 Daytona,Mini GP,212,2022
Ohvale,GP-2,212 Daytona,Mini GP,212,2023
Ohvale,GP-2,212 Daytona,Mini GP,212,2024
Ohvale,GP-2,212 Daytona,Mini GP,212,2025
